frame,n_cams_used,mean_spacing_err_mm,max_spacing_err_mm
4,2,1.3789545273011563,1.5804321301430038
5,2,1.3031986435559628,1.5471395031711639
6,2,1.3557675982747286,1.674936859809368
7,2,1.3010503656208054,1.5645637974828208
8,2,1.3116026280786257,1.5154370988965418
9,2,1.2984854986307546,1.498848903204366
10,2,1.3068515432346457,1.6662712415569763
11,2,1.3013666382860043,1.6026182167512246
12,2,1.347960179198907,1.595821383905134
14,2,1.3009845814309235,1.5857776701805464
15,3,1.6961533428282591,10.76656833301564
16,3,1.4857655572127186,10.131501516293557
17,3,1.456155241275384,8.171567171053148
18,3,1.5301887844668793,7.756346955475866
19,3,1.299714549498501,6.565412724010393
20,3,1.7624128630789893,10.30383441139552
21,3,1.5052336595864404,7.430349196944315
22,3,1.8185218155449563,11.014088203981323
23,3,1.6196921755775096,9.772707899129783
25,3,1.5764814498227961,9.406207383200666
26,3,1.7046550080672975,10.944252309332027
27,3,1.7496119859069268,10.907458120690043
28,3,1.4265873630339712,7.276981052172983
29,3,1.5008685216965008,9.094830189487794
30,3,1.5172833657473126,9.29564467618111
31,2,1.2551766877678543,4.541773323679731
32,3,1.6985897956133946,10.84660060864505
33,3,1.9420068968333832,19.064946529444697
34,3,2.182241721416251,24.948522360756073
36,2,2.0436137429509578,39.66206689421028
37,2,2.5845896970844744,62.34217894681401
38,2,3.6219809491836146,113.40457522767194
39,2,7.379146900653745,278.5955036846242
40,2,3.0978836345554255,66.421234936963
41,2,4.874574545507723,110.52359338789778
42,2,7.474761916807718,202.86175126860007
43,2,3.520643673991684,53.01734017955775
44,2,5.268051650082595,78.21727090726996
45,2,9.638336068609012,154.22905266851993
47,2,16.671944900627405,243.30523620515035
48,2,19.433714961509118,296.4073336917039
49,2,14.280024501031154,259.6048714555266
50,2,11.175810788585537,199.7497918062203
51,2,8.458172049743888,142.71557962389588
52,2,5.309203647721385,81.37084360674041
53,2,3.3765152876913684,49.36656598591125
54,2,8.639658505234129,254.7108839251744
55,2,5.646703766508949,142.83589659906477
56,2,4.707404028918648,121.81230353221925
58,2,5.6269982083931644,146.60693044494982
59,2,9.014976568581716,256.9780406721702
60,2,4.005978115464824,54.5280711976505
61,2,8.237324622439129,130.78879266266637
62,2,6.03331132337056,85.69185469386903
63,2,16.99415351236467,345.35513972951173
64,2,8.663497694545349,125.01288796905315
65,2,14.14112642388327,276.1256863170523
66,2,7.804791225104644,168.30672942252764
67,2,28.55796385542213,321.26292331005453
68,3,0.5663352966337775,1.3154600445583893
69,2,8.182316253229455,94.95165624302047
70,2,9.861932282824926,103.76895648372978
72,2,9.196266101456516,100.19100776458859
73,2,10.277235442966488,116.01047446069704
74,2,9.800371451133413,110.1834100927913
75,2,11.871897125203157,121.50780369160263
76,2,11.935091055078066,114.28837772799949
77,2,11.379729908297271,110.66152914304769
78,2,13.450116442775997,145.27774054876608
79,3,1.0661565386974428,6.093729312551546
80,2,22.07902015783134,308.5197797857163
81,2,16.259149732525422,196.0984307248636
82,2,17.34810464213976,210.7283933035339
83,2,22.666155172030596,263.0081021278628
84,2,14.159428783314777,134.5196848949384
85,2,9.595157720949512,91.69622387524024
86,2,6.661537810916777,62.48448068416663
87,2,5.448164456678309,53.48871126562423
88,2,24.77952229675433,350.6252793015032
89,2,27.00855001557709,309.9620176293221
90,3,1.5443743783911692,9.742285713021028
91,2,21.07996459179331,268.80463877441423
92,2,24.826353928105643,287.36580296049357
93,2,23.7242769990118,274.26044299283217
94,2,14.968421796658744,200.7020238042557
95,2,12.519347585011765,170.0531371379251
96,2,10.401272224687224,149.25161506581287
97,2,14.329436406642719,192.1255477746819
98,2,15.048561833643543,188.01824187707297
99,2,17.284004031371637,197.69759766646771
100,2,21.453464322856703,265.24511877358975
101,3,1.272763588474742,8.134355161268786
102,2,10.496603682977995,209.019365697728
103,2,4.129333139153633,65.46665437386284
104,2,2.3772592443297396,38.968078431865685
105,2,1.4422566339070921,13.722599126352458
106,2,1.087625388819449,4.074990664766326
107,2,1.1350899125274758,5.849772034833178
108,2,1.379268285150165,17.1054154241334
109,2,1.1233920618977093,2.733418834130804
110,2,1.1763340501262525,1.5982544601592479
111,2,1.3008733543033013,1.6491350637846576
113,3,1.7901837713337847,8.307735001623204
114,2,1.3240197097671111,1.7808373246936127
115,2,1.2926079930736196,1.7653739001420865
116,2,1.312599382787639,1.6740902962615287
117,2,1.3270911633463534,1.7831412382432152
118,2,1.2671947911762305,1.6774305547573727
119,2,1.2671753836108905,1.7299876940182757
120,2,1.261707419327913,1.7327615170075332
121,2,1.2964804797910927,1.6832388201789283
122,2,1.2927369712634393,1.7528018673594152
123,2,1.2940934850246621,1.768842951761395
124,3,1.1296775599807984,6.171308318251665
125,2,1.2960129201877766,1.705820363314004
126,2,1.2729847127816263,1.8473109343851295
127,2,1.2988279720027984,1.7993441163228103
128,2,1.2870080247097209,1.7438681239356213
129,2,1.3044470258277097,1.7263570155697066
130,2,1.3055618192506344,1.6958392065921195
131,2,1.317483920295577,1.7309117381398114
132,2,1.3311074099217362,1.651221577951424
133,2,1.3147255348617166,1.646131855381868
134,2,1.321269149197159,1.6780710785150552
135,3,1.2992160136341144,6.156927572583529
136,2,1.331524795742385,1.6960733123608103
137,2,1.3117272277596632,1.6947036325863363
138,2,1.3047109649016229,1.7675467132803429
139,2,1.3055118885104116,1.6489646525772796
140,2,1.3021214252897633,1.6786806469445865
141,2,1.2884188488877273,1.6919762582167097
142,2,1.2881235119131507,1.7361542635001455
143,2,1.2785245207884435,1.6730575792447897
144,2,1.2752406122061384,1.7241582541788238
145,2,1.2727980741525926,1.6801528859493111
146,3,1.1496638012492466,6.863067121410368
147,2,1.2710187524114434,1.7324697326402823
148,2,1.2663112144408792,1.6524496807124693
149,2,1.265160367288718,1.6812753775634175
150,3,2.019613082969667,10.581164178343753
151,3,1.8080742754723986,10.261514389149315
152,3,1.9101607877814828,9.98280012772497
153,3,1.963751815109239,10.466014655229033
154,3,1.8073693917314315,9.242607691239513
155,2,1.2380853852393479,1.6608121135402998
156,2,1.2343524891618247,1.5930541355011067
157,3,1.4855727183858567,8.909519973213344
158,2,1.233237745154027,1.6731485491413012
159,2,1.2248129466006465,1.5232758468621612
160,3,1.512779116256264,8.40786219232074
161,2,1.226796827035401,1.6346796599130236
162,2,1.2207690307211545,1.6407725702431257
163,2,1.2224339672981284,1.5929963882960716
164,2,1.2279045650700102,1.5579338020554057
165,2,1.2298936596459287,1.623301528967249
167,2,1.235813168466413,1.645707523190241
168,3,1.1631125324918048,5.689533989586666
169,2,1.2130585289992974,1.5923457614248522
170,2,1.2701761624602357,1.6273495622095464
171,2,1.2835282832141202,1.66760343767167
172,2,1.2927756427607375,1.708824795263235
173,2,1.3074582194021673,1.6266358814617243
174,2,1.3238531312175654,1.6499291910212661
175,2,1.3203319542487058,1.736546688226169
176,2,1.314590680098536,1.726928509107984
177,2,1.3155423532693447,1.6807937638356092
178,2,1.3052932349535082,1.7328860111964426
179,3,1.314110734332773,8.256173440447023
180,3,2.222845204120613,13.116714606271431
181,3,2.0607706948017475,9.47873047692039
182,3,1.438702741746258,7.684609143157092
183,3,1.8720686594136169,11.757378147887938
184,3,1.5247862262067367,9.342614431115226
185,3,1.7766441533350137,14.631553780878159
186,3,2.003194848451966,14.33049302531704
187,3,1.8609843620385798,12.814537836575052
188,3,2.020696930205093,13.10021333901136
189,3,1.431973701745525,12.851493597461571
190,3,1.6810006727473377,6.255561478390827
191,3,1.728477664645163,13.18420710924998
192,3,1.5679315763049517,7.592493466449971
193,3,1.8653152673847084,8.32456094895958
194,3,1.5998201116612383,10.404815957878753
195,3,1.3302735136299269,8.15441698620277
196,3,1.1301536636025364,10.447486312818063
197,3,1.263497503132542,10.931286385262792
198,3,1.45712334388992,10.321398573575426
199,3,1.198300715988589,7.68874258459688
200,3,1.9411027505018548,12.894118283444493
201,3,1.2037036836512425,6.018900207972598
202,3,1.5773712055383378,9.349440024578326
203,3,1.164354759470743,8.46162981780492
204,3,1.373314874330904,10.327670536763256
205,3,1.587466227462995,9.334240033769994
206,3,1.3478210449337658,6.035142559430954
207,3,1.5438195213673895,10.76551069596688
208,3,1.6518741768259844,7.848834736197661
209,3,1.1314222668740288,7.50791336049729
210,3,1.685650703601941,12.046751977918033
211,3,1.1895021614038352,6.25360967964849
212,3,1.769814217586297,14.317670128784544
213,3,0.8924184173954126,2.693088495423036
214,3,1.1612390161943345,8.144658988924396
215,3,1.1685617873973233,7.710801486198106
216,3,1.171777807321384,5.842006258617492
217,3,1.2144113824363763,7.893288363862279
218,3,0.9314161433243507,3.1668083238226217
219,3,0.9067298734415112,2.706591369892538
220,3,1.2333133303898165,8.478124110472818
221,3,0.9038054807867916,3.110009543233025
222,3,1.05886164677357,5.7623122612173905
224,3,1.6097939154501213,6.34405689519767
225,3,1.2112801215669406,5.955654489232364
226,3,1.3613786597616353,7.562240073959892
227,3,1.288805492672915,6.372912213965458
228,2,1.3307452462818492,1.7043537723015896
229,2,1.2548433346143908,1.6825021150813393
230,2,1.2557134953235598,1.6451521532935276
231,2,1.2661417946870166,1.8208280170761566
232,2,1.2605994007430663,1.6643933816910643
233,2,1.2674945185646684,1.7508235479855652
234,2,1.2055374843960007,1.6700541937676658
235,2,1.147463272359904,1.3030217091527727
236,2,1.209539193085447,1.583467737665198
237,2,1.2127341172668034,1.666481366496768
238,2,1.2021655934839954,1.6453414343320858
239,2,1.2129359109016395,1.7511540576747135
240,2,1.1956390960065868,1.6116511496828794
241,2,1.2008143895286125,1.5769211661916873
242,2,1.202541095339418,1.6570980131736732
243,2,1.192377558150771,1.6012993183399278
244,2,1.1865833974629656,1.5528973797919212
245,2,1.1910806969407084,1.5941917727828985
246,2,1.202075786295366,1.237583582432332
247,2,1.1898337024680503,1.5203862444275809
248,2,1.2110376224706088,1.5408144953426468
249,2,1.210258156087014,1.5181229831882672
250,3,1.0189085494005254,4.216924243315844
251,2,1.2215224912791018,1.5771066466243737
252,3,0.9505134781482342,3.397514394644894
253,3,0.9193742265385703,2.187716106186909
254,3,0.9770137317139748,3.234595096023085
255,2,1.1980503582366384,1.560596314186355
257,3,2.440024081968362,12.911749127817714
258,2,1.1984538106730243,1.6094918070795015
259,3,1.0432361558641008,2.252991820346696
260,2,1.2249121854379146,1.680925621743011
261,2,1.2016534079517758,1.5984394489165394
262,3,1.123150374238373,3.6460227519361235
263,2,1.209232009224867,1.609992073152919
264,3,1.0669202764132377,3.042202523001806
265,3,0.9985843420631716,3.3788338117312633
266,3,1.1340042414513463,3.449071939431822
267,3,0.9400621496929765,2.8308399126076336
268,3,1.6294141680706833,13.557905708242918
269,3,0.9565191758400177,3.5300974512731744
270,3,1.0415379168922907,4.314378749262947
271,3,1.0652818352726074,5.772395089264189
272,2,1.2119269419484369,1.6805021303690666
273,3,0.9959529410839096,4.132205335775022
274,3,0.9622849901685617,3.0944352347161836
275,3,0.9814261846981227,3.542463854975142
276,3,0.8418251151725847,2.999974619329108
277,3,1.0411683589721672,5.269152239857588
278,3,0.9146400119827175,3.3515692547030453
279,3,1.8331155077559833,10.063247765010386
280,3,0.7608390081995461,2.9198626293764907
281,3,0.9180594221644167,3.3617719851261607
282,3,0.820647340563746,3.2392882796250557
283,3,0.8353751409961114,3.477423336137136
284,3,0.8116434554426962,2.786028263432466
285,3,0.7457948774767698,2.4706901797526686
286,3,0.7850976581434761,3.1693961817721994
287,3,0.7089274178155799,2.0948931577267316
288,3,0.7336350087375895,2.8023379157206887
289,3,0.7035752048515621,2.218721908919561
290,2,1.0920910571386506,1.2550240565576445
291,3,0.7538209420961465,3.195073518854629
292,3,0.7262638909812098,2.9493144522005426
293,3,0.7332413425909738,3.094671727467132
294,3,0.7370562282433574,3.715228071721387
295,3,0.7368404204550961,4.141681236136865
296,3,0.8001787632665693,4.5557537964450585
297,3,0.7898519993221714,5.084786116098923
298,3,0.7899868643918243,3.948020669191414
299,3,0.834722302972224,4.279345084319493
300,3,0.9325637062889855,6.2960107271050125
301,2,1.1527631090530281,1.1983848522270393
302,3,0.8839442151872262,5.489229760892844
303,3,0.9771864765903338,5.968133953308457
304,3,0.9157615960044878,8.079840937977623
305,3,1.062141774785897,9.138162058940653
306,3,1.0244066831744305,10.20923883826691
307,3,1.403313038574636,9.61791764208194
308,3,0.9926604620635442,5.431403897270891
309,3,1.1312733605517074,11.452392388007652
310,3,1.1433416664175946,6.346173051102001
311,3,1.096220832259099,8.918875104983469
312,2,1.1711764217102847,1.387797523199924
313,3,1.4131525402354421,8.646016549722777
314,2,1.4080899148950206,8.382810065928073
316,2,1.173042232107205,6.464412264936461
317,2,1.044613303274859,4.745054493376863
318,2,1.00090183758068,4.162764183188558
319,2,1.001019334420172,3.7274596560458693
320,2,1.0388724060400147,3.0068868829689968
321,2,1.1506493501995108,2.5056260414468534
322,2,1.0786180402527517,1.3035106858588357
323,3,0.5156662042879494,1.235294032769365
324,2,1.121675306287436,1.3406082305677942
325,2,1.2618149066079005,1.4382755908693041
326,2,1.2590135874241224,1.5900221463997153
327,2,1.3777730164091853,1.8266358441754484
328,2,1.3230190788767624,1.7349118751946933
329,2,1.4584638129252205,1.6292904783635278
330,2,1.4524031489979332,1.7701319006803544
331,2,1.4153341458256812,1.714549946328931
332,2,1.399381780956618,1.7357609475668265
333,2,1.3948461731526796,1.7864462165703907
335,3,1.0470076666435761,7.969369932032801
336,2,1.3650542216930548,1.721803841468257
337,2,1.4017828589960104,1.735812872230267
338,2,1.4162210477798858,1.7766549940445644
339,2,1.4180112276833587,1.727709472870445
340,2,1.4258237247700427,1.8193083842810016
341,2,1.4718632340126763,1.7719444795072024
342,2,1.482879979736307,1.725316145103177
343,2,1.4584395551343163,1.7401837293392688
344,2,1.450413400396582,1.7100294329266998
345,2,1.3979877459767862,1.7712854070559871
346,2,0.14923033277493972,0.23714115342535202
347,2,1.3784961774829236,1.7560556741146836
348,2,1.4446098282017616,1.704633597412443
349,2,1.4568259606704357,1.7205810054844937
359,2,1.4219247865122995,2.0307393177653905
360,2,1.4503734996709503,1.6370919723200095
361,2,1.468502999022799,1.75991475103306
362,2,1.526910019713181,1.7781313788838293
363,2,1.5169568430717675,1.7654908031165644
364,2,1.4828449951675813,1.698114400658604
365,2,1.4671511928406762,1.7065311011527398
366,2,1.447563871643125,1.738126146545206
374,2,0.24133552068249878,0.5715035868770271
375,2,0.2078334125177119,0.47355584505998777
376,2,0.2167600554466031,0.5340084900068605
377,2,0.19348360130372477,0.4961552910584116
378,2,0.15528849669135494,0.5245816612641542
380,2,0.14886635203081727,0.41057517585530934
381,2,0.15915663044559963,0.4231753012549321
382,2,0.22783006881973167,0.4119901445929913
383,2,0.1512364710268575,0.3785950565351227
384,2,0.18836141340835522,0.32685376397180443
385,2,0.21151612398026196,0.3431078431321774
386,2,0.19242729260156335,0.7997713619255532
387,2,0.1751070682024616,0.6435970700939299
388,2,0.1900862322128493,0.4421581424366682
389,2,0.18715243581360516,0.9967059857867548
391,2,0.1842034729973371,0.5954863145934963
392,2,0.19433517774242046,0.5560502988151451
393,2,0.1921361779608669,0.49571148837716794
394,2,0.18091280709362767,0.4981049418871786
395,2,0.16599664779930873,0.6831906051254881
396,2,0.2003461481712718,0.632065327732953
397,2,0.15923004574387917,0.44883266519660237
398,2,0.1901506593138448,0.6956742741447176
399,2,0.16220191833714126,0.6497699277511586
400,2,0.1672902325047777,0.4432794265089163
401,2,0.07786942870443257,0.13157364161306764
402,2,0.1559734241551909,0.4862820397569211
403,2,0.1583312167077436,0.8531835353793281
404,2,0.13216035497842382,0.37017881620928644
405,2,0.15982454029786242,0.5874275811678376
406,2,0.1633324474473627,0.7804239289776262
407,2,0.162804516551136,0.48154807850866665
408,2,0.15315913586056448,0.515609869432887
409,2,0.1794270921152,0.6446901841708381
410,2,0.16375997229886574,0.48950976706010896
411,2,0.16864082620331367,0.49768972067526507
412,3,1.7637927471830868,11.672354532169832
413,2,0.17714197026217615,0.4845997663495937
414,2,0.16804200232846947,0.45035149128812985
415,2,0.1914951993477125,0.5111608786808747
416,2,0.16195088411408798,0.5970757039708736
417,2,0.1739173885779488,0.6137447971022829
418,2,0.16286772826537776,0.38621714785866745
419,2,0.16218363219410387,0.4526350267535818
420,2,0.1393566677281558,0.4880039587665703
421,2,0.17627897944195506,0.5598557652690094
422,2,0.15525207944709488,0.4645585458914747
423,3,1.2569828641543699,7.674430930946809
424,2,0.16742496330460666,0.45117741593650107
425,2,0.15205210872871744,0.4003385561516873
426,2,0.1834740996067669,0.49300023556462724
427,2,0.168166943024788,0.42566277858240714
428,2,0.170181050439316,0.6445507680240201
429,2,0.127881703474076,0.49480782338397894
430,2,0.1368164174031588,0.4651536751856429
431,2,0.13507304773195686,0.34009323691452237
432,2,0.14893711354333575,0.4676101064274608
433,2,0.13643592347496095,0.5689093087612347
434,3,1.613056320833303,7.152102059974545
435,2,0.11828836969791935,0.3404398809997399
436,2,0.10710379190927473,0.3532972328090453
437,2,0.10528189582972101,0.3391744158969187
438,2,0.10694296165884039,0.31981290657040473
439,2,0.11664782379912136,0.3816609793440007
440,2,0.10301909610203165,0.38143181316713237
441,2,0.11474210191765447,0.797054600246365
442,2,0.12237226375193505,0.6765708771209848
443,2,0.12561841857614012,0.47255159616473374
444,2,0.12258903572036371,0.40283155997616893
446,3,1.055330714438173,5.636100212879403
447,2,0.1391783183950441,0.3961921768942528
448,2,0.16187992361944875,0.5709958621592549
449,2,0.16029094280175896,0.44756333241076707
450,2,0.14069845957460783,0.4157713780905785
451,2,0.13525339631662509,0.4018947685093983
452,2,0.14536828733824964,0.33097548836918955
457,3,1.1432802559732107,5.073008246031848
458,2,1.1813930742830772,1.5897210662625152
459,2,1.1389269461799265,1.5885549358632365
460,2,1.2834580192523055,1.5876156072624075
461,2,1.2449953682708532,1.547122468952264
462,2,1.2118842225534683,1.577629421355524
463,2,1.1574503079137726,1.5856496601368633
464,2,1.2143011881736205,1.555355111660481
465,2,1.1936388994787455,1.5968158607333576
466,2,1.208298059304009,1.6836344034579196
467,2,1.1675834957227071,2.211680544195259
468,3,0.95719419865675,5.10446134640501
469,2,1.1836879302232444,2.5404511147776936
470,2,1.1903085240957254,2.742359390465004
471,2,1.1832521290316647,3.0251684430852923
472,2,1.2011767448761885,2.9552908656197245
473,2,1.202887478124519,2.763956617526792
474,2,1.2138304423042583,2.739501183930848
475,2,1.2155489671299435,1.6251428933964225
477,2,1.2270782006314427,2.3528075832820043
478,2,1.2339505511261206,2.337800350175518
479,3,0.8585120937851614,3.994887108638951
480,2,1.233836628265185,1.8885268546409186
481,2,1.2412872038383336,1.853891726386385
482,2,1.2492116964865938,1.646290206262599
483,2,1.2565868565891356,1.6787769661103236
484,2,1.2580610490306632,1.6628808421972758
485,2,1.2666984662767573,1.6673507915324626
486,2,1.273751848278713,1.696082801730281
487,2,1.281051349247483,1.6745615413591084
488,2,1.2899417500617687,1.6280713473835888
489,2,1.3024723848572919,1.646645451147101
490,3,0.6767288239229712,1.3303783696729798
491,2,1.3143380706642935,1.6670398990268411
492,2,1.3234309222306238,1.6742369721269093
493,2,1.3333230379360486,1.6388214972899682
494,2,1.3393825813425726,1.7254487105649516
495,2,1.3417118227867848,1.7473127510217075
496,2,1.342727868573928,1.7097954401780746
497,2,1.3430604179227321,1.6148187710020683
498,2,1.3511462105674061,1.664994673679667
499,2,1.3392543257298273,1.6260664611766618
500,2,1.3340279121520322,1.6548287304443132
501,3,0.7567090407843674,2.267319084566625
502,2,1.3519094070982962,1.7052488243948123
503,2,1.334422932016205,1.62717568046912
504,2,1.3989837733631516,1.7502692755253964
505,2,1.3288322691904313,1.6443913397064975
506,2,1.3027894223167453,1.6611405252920166
507,2,1.287732098153464,1.6471008196298487
508,2,1.2751185886270435,1.643960326486553
509,2,1.2570859171396205,1.608603556681746
510,2,1.2463084095120194,1.6450044128671868
511,2,1.2334987018352517,1.648110179152798
512,3,0.8510248561606857,3.6078362679993967
513,2,1.2729629351108784,1.7261163185025437
514,2,1.2594422415550623,1.7190768895973887
515,2,1.2796409125727857,1.684223143448061
516,2,1.2380947205992954,1.6892495395817477
517,2,1.2870853401361202,1.701142461858457
518,2,1.291297028832997,1.8606387479044861
519,2,1.2696530951523237,1.7938118460966435
520,2,1.2654092118069016,1.723513084868053
521,2,1.299607599121772,1.75772909008513
522,2,1.285759976247438,1.804374146690855
523,3,0.8991923489631305,3.69369322128512
524,2,1.3330013273109527,1.8816020220675176
525,2,1.3249219323506152,1.6540323460739261
526,3,1.5110185325160774,3.5590929542883774
527,3,1.3561222923565317,3.7564187523238326
528,2,1.3912967920352672,1.8259066385962475
529,3,1.3772234996680939,6.657832539105683
530,3,1.3416852579982759,6.619438253606128
531,3,1.15707313176488,3.765834901615913
532,3,1.2667502229499459,5.668619916939267
533,3,1.0937713797659212,5.485543626250182
534,3,0.770455733801169,1.8436626743107212
535,2,0.9424253231625768,1.664807741729446
536,2,0.952809924067483,1.6398440354401072
537,2,0.9471823176316432,1.7618276962954456
538,2,0.9020958642244372,1.581597495498674
539,2,0.9300492571186271,1.9146887543790083
540,3,0.877678135796424,2.2514171306102853
541,2,0.9267240368957976,1.7436459803081215
542,3,0.8760569880692597,2.522289128793615
543,3,0.8557065254297276,2.7690285374465695
544,2,0.9267490979988947,1.70218936586395
545,3,0.7494266712957167,2.9289775458412812
546,2,0.9451679768213341,1.622309902244195
547,3,0.9243591815688319,2.014745984045982
548,3,0.9888967673543427,3.469688579159965
549,3,0.954981305987459,3.59294498910517
550,3,1.0823778497691963,5.714627587337203
551,3,1.0663873828236479,5.498550849699802
552,3,0.9389530161955006,2.0774531611611677
553,3,0.9876864312316224,3.138454297262498
554,3,1.19496740217661,6.212788401600132
555,3,1.3160205474696445,4.977637910951661
557,3,0.750608966446984,2.181285300080195
558,3,1.392663024988862,4.520080965720867
559,3,1.4371232241859742,4.616379971980451
560,2,1.349177382249902,1.9400135557867195
561,2,1.367632555370742,1.808672317261638
562,2,1.3625752598562682,1.9623809511078727
563,2,1.375204576026766,1.9329861208242614
564,2,1.3716556159468782,1.9357281374820476
565,2,1.3289239667353598,1.819947370882282
566,3,1.7100232496833323,5.838543373215016
567,3,1.4641672110846986,6.481448534194779
568,2,0.7970989665697521,1.2265782709174853
569,3,1.3288068322161894,7.521528786301898
570,3,1.0940546375977076,8.54659903520574
571,3,1.526179021249998,11.084352612689583
572,3,1.5230010947920443,8.68612800226125
573,3,1.4546544333489326,8.263693117169513
574,3,1.2240521699323017,5.544596226265637
575,3,1.630798273951889,6.218013826777308
576,2,1.4550781625639126,2.1423513702583037
577,2,1.4357465301225942,1.7818103033776824
578,2,1.4626498482309445,1.9949071289212978
579,3,0.8099791569244963,2.020799244510596
580,2,1.464233647166531,1.9125901039627433
581,2,1.4712376096201583,2.055682741519519
582,2,1.4500097335748705,1.8951613563722194
583,2,1.4635424204581637,1.9483589353522548
584,2,1.4470439115452254,1.9876379676262017
585,2,1.4351499553539664,1.8923714345875884
586,2,1.4496061506620261,1.8600477567215223
587,2,1.0479340551191922,1.7178245583950245
588,2,1.0175250446414468,1.900661126914685
589,2,1.0384809161795931,1.826309387898916
590,3,0.9273090092019385,3.172825794756435
591,2,1.0361380547594352,1.8132122801665582
592,2,1.009071760725793,1.9449686048180517
593,2,0.9773433637926144,1.9334251702087455
594,2,0.9735406382729643,1.8948326562531272
595,2,0.9282492453509413,1.8466768980923975
596,2,0.9135553395369255,1.7872604213668293
597,2,0.9045348768575279,1.592100059978091
598,2,0.8912836853435897,1.6900736588906542
599,2,0.8843334840566777,1.6584985000694386
600,2,0.8659311212560066,1.6577519533189886
601,3,0.8197046242099572,3.034078392427728
602,2,0.8395527866465634,1.5674076231105005
603,2,0.8550944689628688,1.5534375171786865
604,2,0.8498499340536295,1.5901032436012215
605,2,0.8284593202663779,1.6254205888662812
606,2,0.7710310678658178,1.827714440302275
607,2,0.7594305983456663,2.560464884094154
608,2,0.7311683491329573,1.5481423466944393
609,2,0.8418664788894048,1.5867597350227858
610,2,0.7562198239944973,1.6395336285657327
611,2,0.7412459854273541,1.7804811369400118
612,3,0.7481057281098997,3.2121764570619478
613,2,0.7398704469602556,1.6405403228178654
614,2,0.7706223344905523,2.294777441779132
623,3,0.7966443610782675,3.4138403004281144
633,2,0.2747540678113337,0.5909675570670847
634,3,0.76367775467598,2.940076098312018
635,2,0.22259734405959505,0.8390081057164032
636,2,0.2342922629871759,0.7707618712711716
637,2,0.2307142076862456,0.9924001204840889
638,2,0.21702303778878818,0.8739750427751193
639,2,0.21141130465849642,0.8071477510803553
640,2,0.20817793153397243,0.7262981010624607
641,2,0.22421318779947272,1.1696414648946356
642,2,0.19623439009496946,0.6230877632232047
643,2,0.18174371375594067,0.48344307594105906
644,2,0.19183686470848293,0.529030530410153
645,3,0.9857972116779568,5.115619407330584
646,2,0.2268913150283277,0.7300212004189982
647,2,0.1833252226475358,0.6153777704105585
648,2,0.1862365899359694,0.44141968054073333
649,2,0.205550073181235,0.5074501308422463
650,2,0.18032492701427524,0.43721188566181113
651,2,0.21973515351189285,0.5340843551328474
652,2,0.18680697894989634,0.5282145430988705
653,2,0.17049645068964714,0.5019755855112593
655,2,0.20896089768508047,0.6815619266368999
656,3,0.9365153286640955,5.6182200175130435
657,2,0.1784153758860882,0.431486930806798
658,2,0.23985492274252246,0.3679951671666688
659,2,0.13026064102224408,0.26377143290862504
660,2,0.16046078325636343,0.28835382411343535
668,3,1.1975236998393353,7.069314482935699
679,3,1.2601660381970765,6.306899177154872
690,3,1.444071222534832,7.640557042885174
701,3,1.6925157645578783,11.356349711882242
712,3,1.4126602572170193,6.822480500314625
723,2,1.2557800853125498,1.6506256213560806
725,2,0.16400468076619476,0.3361368015275361
726,2,0.1500014806132958,0.4686920837991514
727,2,0.09275646467981007,0.23443137401900696
728,2,0.14543220898217574,0.5037791957861748
729,2,0.14784010949405874,0.3877966798908373
730,2,0.10489504328895678,0.2940441209164993
731,2,0.16175623946319817,0.5001568473311513
732,2,0.15773851021169022,0.38533212694732283
733,2,0.16215938247990533,0.755006951943648
734,2,1.267314886178668,1.7282391185070856
735,2,0.14022401612472532,0.48660990928967374
736,2,0.08893645162584926,0.28628335084966705
737,2,0.1280053271051193,0.3295014282937228
738,2,0.13108085462371538,0.43270065244013084
739,2,0.13091310263281014,0.40149415833930224
740,2,0.13445723405497284,0.45331408342890245
741,2,0.14034695741338699,0.40765382090120206
742,2,0.12797791524335056,0.3486028328144979
743,2,0.11129935373979802,0.32460844741864436
744,2,0.12092706458400485,0.3161181579581923
745,2,1.2650914522979357,1.7512555167572066
746,2,0.0970152016062622,0.3567865975265504
747,2,0.12440486956191928,0.2796078879660664
748,2,0.07898849902701602,0.29552598312715395
749,2,0.09573051543475594,0.292773744911462
750,2,0.11338847374448549,0.3779849832422598
751,2,0.11762833193972473,0.3381408164472681
752,3,1.4071751394566925,8.737790090169232
753,3,7.835573842440992,90.97704390740874
754,2,14.733578076368328,228.07338839973536
755,2,11.031551474120436,200.52764052333316
756,2,1.2876821160012155,1.711761513593226
757,3,7.675711625728422,109.02585669390425
758,2,8.913738180027083,141.1980414374909
759,3,7.657421130474987,129.2573150557869
760,3,5.963206781290039,90.03420678355803
761,2,10.252660409608755,170.6821447551335
762,2,6.621333113249029,96.07480985466898
763,3,10.856485284918094,249.33669392036776
764,3,7.158816930949239,148.47753066679178
765,3,6.0948045201434065,112.82028701013103
766,3,4.583122182437454,76.54895396098289
767,2,1.2701257875289926,1.7209648715561103
768,3,4.259883225225441,66.73026694283918
769,3,3.8784260858791995,59.81354672765784
770,2,9.465664958880984,259.06356298727707
771,3,8.354807218431208,215.56151687907666
772,3,7.8432388525778824,204.4480460830359
773,3,7.738762823717132,194.04016122016728
774,3,7.105227285538803,173.3777765471192
775,3,6.183156113614751,137.04983564389045
776,3,4.816463550451199,97.98300958564207
777,3,1.2076679547126246,6.2407260766413275
779,2,1.2743961930663734,1.70041784950091
780,3,2.221834259650858,16.841552266933956
781,3,2.41777753462604,18.55460709446157
782,2,0.09464467252679933,0.43146989291293486
783,2,0.09153380414192283,0.3530114588915396
784,2,0.09254216547672418,0.3385982976547436
785,2,0.08803783708277499,0.24334821754925726
786,2,0.09146202904916399,0.24838769325906396
787,2,0.08985510376370294,0.3229494320117592
788,2,0.1098445922384632,0.35403487894869123
789,2,0.10474119572312299,0.27928006438799474
790,2,1.273698167571485,1.6987145765235343
801,2,1.2873275713616028,1.6439314537876373
812,2,1.2789246939452377,1.6584539742816213
816,2,0.3105680393457179,0.7114983267948738
817,2,0.2706428493319897,0.6934450984596684
818,2,0.2430186763498979,0.7892259372147998
819,2,0.2044996009941166,0.6619481912953605
820,2,0.26862699719693073,0.8510119479399232
821,2,0.2881292796613911,0.5717128128546676
822,2,0.24287966931095248,0.6357577199775956
823,2,1.273851094593647,1.7138036745199468
824,2,0.30160039537473676,0.7214172566307673
825,2,0.21146483378099581,0.5869690100101833
826,2,0.22253591188439267,0.5853683512552603
827,2,0.2400149159439564,0.6770011932712636
828,2,0.20316680058181832,0.47598946819914917
829,2,0.22553923561739156,0.6533350286460314
830,2,0.24003198490848288,0.7476221534515535
831,2,0.2505973696308491,0.5827991866298593
832,2,0.24041357343999156,0.8826097750507036
833,2,0.2611063684178057,0.9795699909542072
834,2,1.2966623941058069,1.7458461765826223
835,2,0.23731745247313257,0.5008466315607301
836,2,0.26526562255151476,0.5797604427817994
837,2,0.2687905795646129,0.5957525393392449
838,2,0.3138648470903412,0.5734640048038059
839,2,0.286386164059487,0.8789478902559607
840,2,0.2973799028713009,0.535300724729175
841,2,0.31539828876387327,0.6225863949360366
842,2,0.28924351318608943,0.6251927237757027
843,2,0.24088362686771744,0.509888684075907
844,2,1.2774531901103985,1.811144823687452
845,2,1.273045454650043,2.1471843433871833
846,2,1.2843086901839973,2.0470039065798513
847,3,1.6842310358999244,10.143841306873327
849,3,1.3461573320114744,6.773698506205066
850,3,1.3627019769837014,8.108869951115073
851,2,1.248611607634201,1.6556736756739125
852,2,1.2756808825163994,1.683614562823562
853,2,1.3297959077192323,1.549457617475821
854,2,1.3205316051582385,1.623521689663527
855,2,1.3762490932505034,1.587522811083545
857,2,1.1056476346097097,1.1056476346097097
858,2,1.4650255244218702,1.6554822346884213
