index1,index1_flex,index1_axis,index1_crossaxis,index2,index2_flex,index2_axis,index2_crossaxis,fnum
177.11826029840526,177.11826029840526,-34.240731475858055,55.20485807090985,177.53729568708331,177.53729568708331,-135.35051990968492,-51.461843072334496,0
174.68699541236165,174.68699541236165,-76.13925237933411,25.405384616938665,174.79661136148678,174.79661136148678,-124.88039055716067,-45.11153393944985,1
173.9473012176926,173.9473012176926,-69.95447289678197,34.24723930405719,175.7445514576375,175.7445514576375,-129.983449411127,-50.115797812235975,2
174.3044858302491,174.3044858302491,-70.13304914527073,34.22212593039158,176.29218789410803,176.29218789410803,-134.36918877428184,-52.906374859660055,3
173.47915216642423,173.47915216642423,-73.8261403657692,30.144302336775826,176.61648347251818,176.61648347251818,-128.53138435209632,-50.397273831912315,4
173.38753773951268,173.38753773951268,-76.42743712520394,26.373623990487086,176.6237059534878,176.6237059534878,-130.65273296195926,-51.361804773876,5
174.37965978596628,174.37965978596628,-80.0101807262127,20.78341651221861,176.4409294732653,176.4409294732653,-134.8494221885378,-53.589426462130355,6
173.7713752311054,173.7713752311054,-77.5535778878094,24.766965586843252,176.71048708316198,176.71048708316198,-128.60490979897864,-50.32298633932735,7
173.8703789981238,173.8703789981238,-77.19829955184886,26.187407585917352,175.65599267340087,175.65599267340087,-112.35651372082737,-37.08358848759643,8
172.97947717160054,172.97947717160054,-75.64337511122758,30.194219041618748,174.91933122517705,174.91933122517705,-105.16977625116024,-28.694102631984403,9
174.12418019322368,174.12418019322368,-69.47034214997169,36.3534699485209,175.84337476358118,175.84337476358118,-116.56037499283259,-41.620580436418734,10
175.02448321518833,175.02448321518833,-70.24692234771148,33.49606191540014,175.20905822595475,175.20905822595475,-112.64659781756961,-34.853781189750926,11
175.3070436463064,175.3070436463064,-83.30135200847842,13.310059619173133,175.2714003269135,175.2714003269135,-119.60307589206359,-39.38371119474049,12
175.2929235324729,175.2929235324729,-78.29979691971046,21.92838604231859,175.95111298394335,175.95111298394335,-124.74846863652135,-45.28316765505455,13
177.06166897772775,177.06166897772775,-78.0420092552299,23.246326198365743,175.9006581784578,175.9006581784578,-131.8792207989542,-51.55980115553637,14
176.88282853055472,176.88282853055472,-87.64716832145488,5.732470290306428,175.9146546057902,175.9146546057902,-125.87551268759371,-46.88471485095366,15
176.44654577027984,176.44654577027984,-82.69622004271727,14.893852884894635,175.77619628510598,175.77619628510598,-117.55070980211599,-39.93530021475005,16
176.70602525705115,176.70602525705115,-66.85144208850566,38.20803740763417,175.4118630026157,175.4118630026157,-117.15491323412058,-40.69351905001887,17
175.799991404659,175.799991404659,-76.14891821521502,25.781262880766036,175.36730868749217,175.36730868749217,-109.51977360223489,-31.16013077845346,18
175.75271664330512,175.75271664330512,-80.32099226414238,20.021780188602563,174.80159574584943,174.80159574584943,-115.80289726693684,-39.347844878580034,19
175.5680062413586,175.5680062413586,-75.88635743644343,27.614690396670472,176.0660972730179,176.0660972730179,-106.94138158468019,-29.692510787819298,20
174.78929761715824,174.78929761715824,-84.82485438087815,12.459829970333056,175.7667143741995,175.7667143741995,-104.62303204460989,-26.152786581699687,21
174.3235280955519,174.3235280955519,-88.33799263914553,5.576197684869869,175.73985522592054,175.73985522592054,-103.65118338914434,-24.054854396296363,22
174.89451710082673,174.89451710082673,-83.84694167291619,14.465166668892556,175.28230067889754,175.28230067889754,-111.28719345283744,-35.53536518481306,23
174.71413668405867,174.71413668405867,-80.30568092919164,20.527375882056575,175.8912236168921,175.8912236168921,-114.10306913940197,-38.393432752857244,24
174.04523817260602,174.04523817260602,-76.38232557815189,26.552149247312183,175.16723163070364,175.16723163070364,-118.11573714259238,-41.76492657112034,25
172.59650318692866,172.59650318692866,-89.3442793134087,4.144512156125935,174.004426560836,174.004426560836,-120.69802308396997,-42.43966887938768,26
172.65842037918287,172.65842037918287,-89.09637157032802,4.578741732384025,173.5633781667598,173.5633781667598,-118.07309374629118,-39.28651713771376,27
173.77295449275744,173.77295449275744,-84.1163626525392,13.821494544968294,174.02751043494516,174.02751043494516,-109.69453857719033,-31.791202858675245,28
169.40070663412794,169.40070663412794,-86.74476114992775,9.46967891742986,171.97846045954896,171.97846045954896,-94.4242582402344,-4.149696458059705,29
163.99891050163163,163.99891050163163,-84.41344622034757,15.11966772784328,167.40883978216502,167.40883978216502,-86.44584695717252,12.045769198466571,30
149.6064207071488,149.6064207071488,-90.49391861857431,10.793982457141691,161.8957067306485,161.8957067306485,-70.68319108873904,38.77535093541492,31
111.26415471204295,111.26415471204295,-76.83495306801119,40.06229829482536,149.14629177165605,149.14629177165605,-39.14704037211292,99.48516409090425,32
104.65794164798832,104.65794164798832,-79.61427132237398,39.37711875810856,143.5115062661842,143.5115062661842,-39.72002594380854,105.53939183621225,33
95.5086563049989,95.5086563049989,-78.7358388374411,46.013867774821634,139.49615408432712,139.49615408432712,-55.69421707775552,118.45473004275017,34
101.64082766319633,101.64082766319633,-85.11259096599188,38.60486112392468,143.0706071246869,143.0706071246869,-80.03750339450522,109.08257099938007,35
95.78499808898039,95.78499808898039,-89.27822232712074,25.388517945443056,137.68757752030464,137.68757752030464,-83.01902587580922,98.25692173818062,36
83.87046588556335,83.87046588556335,-80.13452785184047,52.48613135948468,132.35701657862978,132.35701657862978,-78.49806041495331,155.44175242916717,37
96.24623470482605,96.24623470482605,-81.18335925891796,50.41702727022539,140.58776807542256,140.58776807542256,-67.11716726125499,122.57404605592133,38
100.8901850416001,100.8901850416001,-82.01307146533003,46.04248443088069,147.67794516714235,147.67794516714235,-66.62142054420173,113.03221331004802,39
131.84886675511342,131.84886675511342,-88.87703713383034,21.66076146407601,156.65431718868496,156.65431718868496,-58.71168363701448,81.0004343014371,40
173.56801006106184,173.56801006106184,-130.23232121084447,-53.50906898994082,177.35381008422678,177.35381008422678,172.31483858888484,-61.043136579538135,41
178.6706057753135,178.6706057753135,25.115061593103828,56.67414599661393,175.0845163429796,175.0845163429796,133.38395161478496,-47.68030770544346,42
174.58829334727906,174.58829334727906,52.505312465570775,41.27110047373695,174.4203094910799,174.4203094910799,91.85258733641942,-0.29888423621741317,43
172.59428425891267,172.59428425891267,85.5456787179249,8.91711608125782,175.642489633713,175.642489633713,129.06257172056468,-40.01582086747037,44
171.49707329844102,171.49707329844102,67.88138148886874,28.493766630387878,174.81326658650394,174.81326658650394,127.21015445072959,-38.51581920214137,45
170.79556017392804,170.79556017392804,76.04637778026883,19.9312109479815,174.8728991221357,174.8728991221357,123.37881164010479,-34.34887530714458,46
171.9609864307512,171.9609864307512,74.76892059347472,20.938610794725584,175.27595978948204,175.27595978948204,127.71558314557548,-37.35247006379978,47
171.71900918238572,171.71900918238572,79.28136060438806,16.18470258811042,175.2329670391604,175.2329670391604,129.25420283133013,-38.11286311779414,48
171.57763584169447,171.57763584169447,82.3122705837462,12.882262689984747,175.49835959957167,175.49835959957167,129.5032573872934,-38.670535136386896,49
173.88225289186835,173.88225289186835,83.50779983438798,10.892939154476323,175.36796208031635,175.36796208031635,139.1967409177324,-44.074352847552206,50
174.16675676897094,174.16675676897094,71.24307463902437,24.9232708890947,174.3260857125424,174.3260857125424,145.0689087164596,-46.48010386693003,51
174.4594522596612,174.4594522596612,78.36182123339594,17.325243198917914,175.4054784296197,175.4054784296197,126.52577418630264,-38.04054851886945,52
174.2731963258922,174.2731963258922,105.56922293465206,-18.327411141943855,175.61295399280002,175.61295399280002,135.47214504974596,-41.466834918769166,53
174.91280309444087,174.91280309444087,99.76596685676971,-11.835995665966186,175.94813378643033,175.94813378643033,116.70434119257318,-30.480474648851054,54
175.42122696767674,175.42122696767674,89.58474900772924,2.307754311303064,175.98790585373428,175.98790585373428,113.01857286276089,-27.785718649477285,55
175.327256464787,175.327256464787,-20.71684659872422,54.45969309047567,174.24858154644173,174.24858154644173,99.37884955769,-12.65847720878879,56
176.75417210983494,176.75417210983494,-13.196633747672399,58.48545359267121,178.40428867629646,178.40428867629646,6.737700863007436,61.66860611252239,57
175.36702036612826,175.36702036612826,66.20501289784869,37.16397920970685,178.12015635756018,178.12015635756018,67.78999205378592,36.70136225918342,58
175.62092032408438,175.62092032408438,77.85461969836777,23.20382051057053,176.71816977589265,176.71816977589265,123.02302110180489,-45.38673187353288,59
174.19565023711735,174.19565023711735,106.10272278277407,-25.101961787132257,175.42126918102193,175.42126918102193,113.60129188695724,-33.08532217062396,60
173.76200113201875,173.76200113201875,75.10453428601741,26.651325091848562,175.63023149538535,175.63023149538535,119.59875349656936,-41.06955796429186,61
173.30881730574353,173.30881730574353,63.186042516032884,40.61098131098478,173.16902687623957,173.16902687623957,122.50771985022354,-43.86433382899706,62
172.49536370060335,172.49536370060335,66.72507873920094,37.51524909944023,172.50928421970542,172.50928421970542,120.34893431134937,-42.08006819739257,63
171.88856491660096,171.88856491660096,52.23459187353071,48.467713302189196,174.08439847777518,174.08439847777518,129.62017335121485,-50.079252604722235,64
172.8658530939958,172.8658530939958,60.656767109367806,42.505108694075595,174.59226942610627,174.59226942610627,128.404555023926,-48.5213553778361,65
173.1784370916188,173.1784370916188,61.425176145107294,41.5982406630638,174.29898857439622,174.29898857439622,123.32245326701262,-44.49545981912389,66
173.077581301573,173.077581301573,56.079810941535186,45.219747708465206,174.42272865393534,174.42272865393534,131.48149700615397,-49.711043058158445,67
173.13767042341257,173.13767042341257,64.54103566910865,38.53211197693091,174.25186925911305,174.25186925911305,123.32142770298326,-43.98183236233787,68
172.8452659014901,172.8452659014901,65.47195014140276,37.4462312196987,174.57257857387188,174.57257857387188,138.4939351203529,-52.56491806586219,69
173.4043428170234,173.4043428170234,63.09145120142825,39.69024663521704,174.91254016229362,174.91254016229362,138.65004167795664,-52.85519530364597,70
173.10142406917214,173.10142406917214,73.0912971071269,28.503276669573307,174.52715273160783,174.52715273160783,134.71697186491411,-49.71746890592304,71
174.22256342759349,174.22256342759349,63.386325963837976,38.70145465491472,175.19652204010026,175.19652204010026,139.12735204487598,-52.264497617652424,72
175.37676535510894,175.37676535510894,73.68105284751093,27.708823718284844,176.37754838843793,176.37754838843793,149.6146073478064,-56.08091391044659,73
176.72391101739825,176.72391101739825,29.102220405334815,57.08794758019896,176.8043615279657,176.8043615279657,-108.55615817403415,-29.731011048056512,74
169.68260206168637,169.68260206168637,-56.840219966207584,43.42570417786537,172.70023802870284,172.70023802870284,-64.070606346987,43.28474714879277,75
161.45613970556562,161.45613970556562,-77.16316893241984,24.899027663121146,170.18418754164333,170.18418754164333,-53.36633343370666,52.132264593929676,76
142.52665094440326,142.52665094440326,-76.8119625388649,29.039570620590528,161.73236099914868,161.73236099914868,-37.42555949403453,68.80403596778243,77
153.39428642781428,153.39428642781428,-82.32918712159818,20.092215370096078,166.0372467999442,166.0372467999442,-45.33110101312789,57.05766009427849,78
159.01864326174012,159.01864326174012,-92.06957573336237,5.142881957776133,166.84198943729493,166.84198943729493,-76.78515002921412,26.01645881880949,79
168.7579534091894,168.7579534091894,-84.47238985302421,12.815700878710027,169.49220288973274,169.49220288973274,-111.5113482000661,-26.435368456983028,80
174.0129997066765,174.0129997066765,-42.42112686965034,54.947297731244724,172.56221093275192,172.56221093275192,-138.29266104691504,-54.784990689157084,81
176.78961001684144,176.78961001684144,-8.11509063269912,59.93581758333446,175.36931769399402,175.36931769399402,-165.46971092437227,-59.32232878569978,82
176.54854159275737,176.54854159275737,5.114882047464019,59.480206841334166,175.4518736939333,175.4518736939333,-171.04242631439317,-59.395784327800015,83
178.5181339246578,178.5181339246578,-175.32946351812134,-57.47551318362819,174.46373722378073,174.46373722378073,-164.73192976041227,-53.32498882081547,84
178.8126228244863,178.8126228244863,49.602085462718506,49.03032292415657,175.29529121637952,175.29529121637952,175.56135546718596,-58.932043356772475,85
177.6341751657493,177.6341751657493,52.24147062724488,46.118005397184255,174.69885382485904,174.69885382485904,-160.28942606172248,-56.389006748033154,86
177.02959728944876,177.02959728944876,62.81691093432091,38.10656023863423,175.25277109902245,175.25277109902245,-163.53898206858574,-57.03162986551069,87
177.32098570702018,177.32098570702018,40.1360894764729,52.88191073606369,175.36544427027732,175.36544427027732,-174.97947175655534,-58.99168215859713,88
177.19855340978054,177.19855340978054,53.567158792507136,47.28860896922746,175.65654240487066,175.65654240487066,-170.47027806626951,-59.85096113111997,89
176.9846054072275,176.9846054072275,32.78538173836669,55.61617790907902,175.67750240139898,175.67750240139898,-172.9934251176257,-59.512935646189455,90
177.78549289493637,177.78549289493637,55.7670237374704,44.87693089970071,175.65345557150587,175.65345557150587,-175.16250691843388,-59.10538880702863,91
176.38243665234,176.38243665234,28.22074549231156,56.2470141084067,175.8165082164654,175.8165082164654,-170.84130073295358,-59.267768291167116,92
176.93611787398257,176.93611787398257,36.07444704629018,53.88650077116264,175.7859513784812,175.7859513784812,-156.7227886031286,-56.93971573688879,93
176.28529225900314,176.28529225900314,36.24845884179742,53.687118213332376,175.35133689662203,175.35133689662203,-161.99246566939863,-57.78266742021111,94
175.94656152126436,175.94656152126436,39.313631530618615,52.02095034630658,175.81486715201643,175.81486715201643,-163.57263646198993,-57.74474238845493,95
174.1343174286379,174.1343174286379,35.57651940673289,53.283705865530195,175.74449477217772,175.74449477217772,-150.12230152419286,-56.071954764345904,96
174.43200578427937,174.43200578427937,51.37294561201597,47.91029295116421,176.82414420595612,176.82414420595612,-163.15225809826165,-59.86342132941999,97
176.23833825578214,176.23833825578214,42.386835548006026,52.923627516099664,175.40162938999865,175.40162938999865,-161.21640500037267,-59.01726455965881,98
178.11838745632798,178.11838745632798,58.405493500014224,41.460028845436355,175.77684729921523,175.77684729921523,-142.3564561552114,-51.67220217991062,99
178.57434619118487,178.57434619118487,-65.18617538791877,38.79425586147289,175.8955429957903,175.8955429957903,-162.36026192615705,-59.600685668902294,100
178.3381533085906,178.3381533085906,65.61331107926986,43.35834822788153,178.27470025323098,178.27470025323098,176.23340436930857,-65.78514288724693,101
179.23849932674,179.23849932674,-54.679984006830416,52.89207789204822,178.81099317618828,178.81099317618828,110.49334781249965,-38.43759309595266,102
178.20454547165218,178.20454547165218,100.84843690855361,-24.117776320954754,176.27013169100618,176.27013169100618,165.83955801741763,-65.20185736751657,103
178.3788145653148,178.3788145653148,95.5107365914155,-12.59855920635656,176.5544995158196,176.5544995158196,159.38569440297832,-64.7192789532102,104
177.5922537525719,177.5922537525719,126.3117268613491,-53.31336337642496,177.28629813590243,177.28629813590243,136.5181590869776,-56.646394231611964,105
177.22859424806086,177.22859424806086,158.76209082163535,-64.8486347179318,177.3005467307254,177.3005467307254,145.37211259663357,-59.016784914199796,106
176.55167074042708,176.55167074042708,128.05108631157555,-55.484546622184595,177.08940892449218,177.08940892449218,120.75620986202077,-47.57949628614639,107
177.55630346146899,177.55630346146899,127.74208749668756,-53.333377735318294,177.09636923595653,177.09636923595653,108.01256219890377,-31.977737952503634,108
177.8932313206002,177.8932313206002,83.0253989040037,15.940964684599882,178.91300856935246,178.91300856935246,133.0211145537947,-56.499530332037345,109
179.56751166045765,179.56751166045765,-161.94496826216454,-64.02714911648073,177.08770896325677,177.08770896325677,102.05479818434064,-22.746301297624314,110
178.43650489899335,178.43650489899335,178.43673098728578,-65.32290685688763,177.5390599572775,177.5390599572775,113.2202869494357,-38.33687783699797,111
178.35577164909637,178.35577164909637,-163.80097020184346,-65.95865732683164,178.6556214418436,178.6556214418436,177.391100464032,-65.23467639868338,112
178.47177307437386,178.47177307437386,-133.52662126431196,-57.01251756475101,178.57024338205335,178.57024338205335,159.57105380918048,-63.28153263879297,113
177.03193541326405,177.03193541326405,-102.11349548727691,-22.749507669579383,175.85299126636812,175.85299126636812,-150.05313292704096,-58.8753218113487,114
175.1136532208924,175.1136532208924,-95.84860223093274,-7.509859993127407,174.62811609505331,174.62811609505331,-106.95971379225216,-22.570026338296355,115
174.37764539863966,174.37764539863966,-91.89816640310022,-0.9576557843896223,174.186766931019,174.186766931019,-98.077649184841,-10.301023725424292,116
174.11208936188874,174.11208936188874,-90.51359173691604,1.4222140810209432,176.18007349258932,176.18007349258932,-80.5776126023786,16.279054581449962,117
170.99348885869463,170.99348885869463,-100.29369529927405,-12.357139794312548,175.90936935472294,175.90936935472294,-91.09383388872736,0.20545937600327516,118
175.204962318383,175.204962318383,-97.9816217877055,-11.219505588143882,177.13588340349452,177.13588340349452,-111.58633602380507,-29.73331564931284,119
175.1471579348022,175.1471579348022,-88.6617474128709,4.110639053124182,176.71732202778082,176.71732202778082,-120.5832354222467,-39.38137509672553,120
177.26069208662483,177.26069208662483,-86.92691111974658,6.283642467849127,177.00656229541363,177.00656229541363,-150.10479915947047,-54.88574111626204,121
176.9641124637246,176.9641124637246,-98.91760769960904,-12.92532155773801,176.4446878788947,176.4446878788947,-147.55683043880398,-51.76003497118876,122
177.93831237997858,177.93831237997858,-123.3269029617645,-40.26503031019738,176.72895677576238,176.72895677576238,-160.23696275987825,-53.53857580818625,123
179.21744726635228,179.21744726635228,-94.94597191679718,-7.602539709882195,177.44180634815163,177.44180634815163,-164.57187309454883,-55.975462414662026,124
179.12392137137195,179.12392137137195,6.7028255220153365,58.04318523227358,177.59717424725594,177.59717424725594,-152.6283182377462,-54.56101892486585,125
177.86705205735754,177.86705205735754,-77.3058911953574,20.64540305440375,177.46793113788416,177.46793113788416,-145.1466809277654,-52.779551659108556,126
178.80533559283396,178.80533559283396,-55.81058704623613,42.16023731728967,177.55833753475025,177.55833753475025,-152.88048091922977,-54.26845863103728,127
177.74406782783458,177.74406782783458,-56.15528818930135,42.470671677653236,177.04307820909017,177.04307820909017,-147.8298388574284,-53.47397450511808,128
177.83110569850962,177.83110569850962,-64.13458715750534,35.721114725929,177.40280067009093,177.40280067009093,-151.12720557907008,-54.28599104042078,129
177.4574662885687,177.4574662885687,-81.94651803410923,12.655089071304934,176.99071507549306,176.99071507549306,-143.12745798564396,-48.769551267200214,130
175.01405114075942,175.01405114075942,-89.8834795559456,2.1223189973052468,174.9915946611075,174.9915946611075,-139.3687722961577,-49.98209162134274,131
163.95047007263452,163.95047007263452,-71.47474439965845,34.28492229969571,172.42614011377503,172.42614011377503,-75.21663105639452,32.87537672849685,132
138.66887477808376,138.66887477808376,-56.29649901395155,62.649986381120264,167.67858651820282,167.67858651820282,-27.241773072924726,94.69241898257062,133
123.20222774183583,123.20222774183583,-42.95361924884593,78.75686324841281,167.1056344455789,167.1056344455789,-31.79183627425595,117.01468436912045,134
105.67888752812748,105.67888752812748,-33.264374656458834,89.51822047010454,146.18763434882445,146.18763434882445,-43.9938024474179,150.5822252598092,135
90.13435577787573,90.13435577787573,-21.35719901997915,97.58452921346625,138.96470771276026,138.96470771276026,-48.1785125182483,175.65064454696366,136
91.11349960603468,91.11349960603468,-9.390410367379248,99.94251705252444,137.37599956122978,137.37599956122978,-33.21939197153007,178.48571249180273,137
75.95895296211583,75.95895296211583,-11.522084974142716,112.35494912991551,135.45119401350513,135.45119401350513,-117.84970018858908,-155.02737659589775,138
78.89246029566647,78.89246029566647,-13.36023999006946,121.36078732316258,135.7270162628461,135.7270162628461,-137.4417015736875,-147.32454152973716,139
83.8280140477224,83.8280140477224,-21.798510318856366,121.75877769269472,141.85703129769462,141.85703129769462,-134.15284706755673,-147.75699796108532,140
86.61691257113787,86.61691257113787,-15.60990257717916,134.11664188798022,135.69195255884554,135.69195255884554,-154.92380148791682,-141.74963295681525,141
88.50200691058865,88.50200691058865,-10.468997572897228,137.99918977288675,130.29550265698683,130.29550265698683,-159.42264344257867,-140.42343478504012,142
86.22668266764494,86.22668266764494,-7.745132147566051,136.18251914934447,123.80496353664243,123.80496353664243,-165.99385794610234,-136.50091384082154,143
87.76181569132876,87.76181569132876,-10.70226668055044,133.23637454133603,133.47367133237182,133.47367133237182,-163.35645551865036,-144.3385816579635,144
89.07326308034595,89.07326308034595,-5.970299343759745,134.6335792231468,119.64281575894668,119.64281575894668,-169.517695226928,-135.7662577929383,145
84.95668250682762,84.95668250682762,-6.09090787104357,135.7489563511017,118.22646216834613,118.22646216834613,-168.83054654400965,-130.98574152313947,146
87.95690667787278,87.95690667787278,-6.533818823110089,136.5423572102341,117.82772992933401,117.82772992933401,-165.44095522290442,-134.17408136751433,147
93.41528998916704,93.41528998916704,-26.735330490959523,129.50747623706266,148.89677001804446,148.89677001804446,-136.1089827941357,-147.70652483328183,148
77.88158542377866,77.88158542377866,-32.889495284131485,140.2296622944049,135.52536432393327,135.52536432393327,176.94499460811312,-118.25823159556884,149
94.71872632321964,94.71872632321964,-10.024727524137912,146.25158184600468,120.86415930249018,120.86415930249018,177.6774892790017,-134.95362847351203,150
99.23350188518965,99.23350188518965,-20.315540878354607,145.1815715092108,140.36511256236156,140.36511256236156,-154.60801205658598,-142.1152638201711,151
96.21527719050526,96.21527719050526,-28.586141287220073,142.60243119342277,145.1404197612479,145.1404197612479,-167.1782582394901,-136.2301989646394,152
95.6984484146309,95.6984484146309,-21.600064760708698,140.45120460914413,145.8751364444151,145.8751364444151,-155.41693541638827,-143.3980194663167,153
97.27284813523055,97.27284813523055,-24.243377440493067,140.7113246252683,142.95414279876132,142.95414279876132,-159.98451755551145,-141.30084791381748,154
95.09771182791839,95.09771182791839,-23.110352678168873,139.9004371108696,143.15952264057225,143.15952264057225,-159.77586331549603,-141.07280748766877,155
96.71935805882904,96.71935805882904,-19.431034308664152,142.24552036360626,133.1290404344676,133.1290404344676,-158.6449609985838,-139.07170087969493,156
95.3931347096933,95.3931347096933,-20.83498353703295,141.7530768833974,137.7969806361623,137.7969806361623,-164.56187934035938,-139.34439304405103,157
94.6752601172526,94.6752601172526,-20.39088341662177,141.38335418044684,140.15474534775177,140.15474534775177,-163.07308122593219,-140.45627666615474,158
91.84513309890895,91.84513309890895,-20.86976422884313,141.37142038798694,142.05691927582185,142.05691927582185,-168.0767566272949,-138.83033689839925,159
93.62741628506349,93.62741628506349,-23.585539178981126,142.55832012036788,139.7876011308608,139.7876011308608,-170.37836154114055,-136.63371546871497,160
94.40210725187451,94.40210725187451,-20.783465739751243,140.93960802534627,138.4959040742408,138.4959040742408,-161.21567751754145,-139.77923065744167,161
94.63171506896569,94.63171506896569,-17.990171820078228,141.92937279919016,133.45071730150792,133.45071730150792,-165.05616457206418,-138.08919724039256,162
91.26633853878715,91.26633853878715,-16.41083956462395,142.00730854944013,133.63679567896457,133.63679567896457,-166.61389690494846,-136.49201843995948,163
89.56983152768548,89.56983152768548,-16.93296662091257,142.89251502286987,137.71324048799804,137.71324048799804,-167.52164561718777,-135.7560947578449,164
89.48261809723046,89.48261809723046,-18.58060625199887,142.6267332999811,135.59346097263875,135.59346097263875,-164.79575598333318,-134.5676253063164,165
89.1932232354737,89.1932232354737,-18.063302121562867,143.77974504565614,134.2782839651373,134.2782839651373,-169.2396036802441,-133.23971996182223,166
88.65247163364539,88.65247163364539,-18.480909825399745,141.3637068303869,133.52576404449565,133.52576404449565,-167.3280759113663,-133.31140905324565,167
92.12104399467142,92.12104399467142,-18.45489670253293,140.93529930476294,136.33770672100488,136.33770672100488,-157.1008170222385,-138.7385689020263,168
89.52253985899988,89.52253985899988,-19.008097313003045,140.6480283652681,135.0905739341817,135.0905739341817,-159.6434182024697,-135.88471144365013,169
89.60345437916804,89.60345437916804,-19.90421942268495,140.08897834815536,135.02667115526876,135.02667115526876,-158.1479202759142,-136.19413125371275,170
87.43894394044526,87.43894394044526,-15.699824866317305,140.81951759174345,129.97558635893935,129.97558635893935,-160.75068927171117,-133.56071212866428,171
88.29671024917361,88.29671024917361,-16.2009737769569,141.14711671985543,132.02540163824008,132.02540163824008,-160.47494748817343,-134.44391303043213,172
89.20579811025519,89.20579811025519,-18.85500382785259,140.89863809295395,133.74361891842238,133.74361891842238,-154.74647567354862,-135.9806969547218,173
88.80356008858742,88.80356008858742,-20.348575973936267,140.1618485085776,129.9671620208928,129.9671620208928,-153.5348626415224,-134.24290190723656,174
86.72337477385547,86.72337477385547,-22.930530912095605,140.23752313139545,134.13777432318145,134.13777432318145,-154.7594210818616,-132.52527826152172,175
87.11077086973475,87.11077086973475,-23.55198588923568,140.04016880195644,137.08043480402839,137.08043480402839,-159.24697374729055,-132.9798035624426,176
89.02614135224626,89.02614135224626,-22.160299844840637,139.3971646431466,136.29868605118952,136.29868605118952,-155.45898971702604,-135.88021564785262,177
88.74353987609867,88.74353987609867,-20.096598728274735,141.0094291878265,130.69252861589055,130.69252861589055,-156.86894173689305,-134.44894534322188,178
87.60414544158368,87.60414544158368,-14.324869726387352,143.0007605617069,125.82428790485584,125.82428790485584,-163.454712230312,-130.444830108281,179
89.99397341281797,89.99397341281797,-19.70832199614916,141.42673295254477,135.18151952221413,135.18151952221413,-161.84003727142962,-134.96575982561657,180
91.62180740599585,91.62180740599585,-20.45366344257194,143.84988998393717,137.38982612037202,137.38982612037202,-164.95269245798747,-135.23941095604067,181
90.78315559762278,90.78315559762278,-14.717517147288858,145.91393071961414,127.16389825771549,127.16389825771549,-168.5239205108869,-130.8358792334991,182
89.76674857360898,89.76674857360898,-18.146368453879667,141.621545271549,135.00119968218874,135.00119968218874,-162.8759632779658,-134.5981026498168,183
89.83069504257543,89.83069504257543,-19.690032078731516,136.75763974294594,139.1925515364555,139.1925515364555,-152.47844765694433,-140.9736132672175,184
81.48838499520264,81.48838499520264,-9.844528285461491,123.51645847596572,135.79205919399556,135.79205919399556,-145.08896875959,-147.53204651303068,185
91.15564368735171,91.15564368735171,-6.11639948809534,113.22573651162472,130.44229914956074,130.44229914956074,-35.40487539775024,-167.46083113741219,186
119.43310447755407,119.43310447755407,-10.417112377473334,86.77170293814214,129.614567903624,129.614567903624,5.248683421750003,148.175237977654,187
145.84040075948073,145.84040075948073,-17.254777752548634,89.41384569598495,162.337732472695,162.337732472695,7.023697726799961,117.11585549708404,188
159.74952104189893,159.74952104189893,-5.6131552110319864,86.64656533182092,172.8199914429226,172.8199914429226,1.0429070585553604,102.28857024800281,189
168.62576486564947,168.62576486564947,-17.140807403180577,73.92796541889915,177.8350699841827,177.8350699841827,4.51838584328028,82.25838523412489,190
173.3095414711151,173.3095414711151,-39.698790304592315,62.45810630740232,175.07072301077258,175.07072301077258,39.5973651222514,68.34620919190151,191
177.21438061982906,177.21438061982906,-162.4651297310453,-63.24364704415598,178.01528148961182,178.01528148961182,-155.65326741750133,-59.54991935301884,192
176.61334046046775,176.61334046046775,-134.587161058321,-50.28783325224709,178.17974928121274,178.17974928121274,-161.96486153323792,-56.37381935391609,193
177.58019699184698,177.58019699184698,-162.91552163314094,-59.667428799970274,177.25746272418462,177.25746272418462,154.4530319797433,-55.433225336982964,194
177.57442888162078,177.57442888162078,-126.45143151303566,-46.829042178425155,177.09046608976024,177.09046608976024,171.9992044411742,-58.64030613913085,195
176.21388687199922,176.21388687199922,-175.81551624505664,-61.40824002257239,175.4705952885099,175.4705952885099,-176.9857960046175,-57.035281228628975,196
175.67160569727787,175.67160569727787,-176.61654942111636,-62.5093652613881,175.12389334122938,175.12389334122938,177.81330778082554,-57.623309215488376,197
175.72625568425667,175.72625568425667,-174.26783835287105,-62.21451262159252,175.410574677091,175.410574677091,177.15752806503855,-57.57008849708879,198
175.19155166666854,175.19155166666854,177.237469397258,-63.04332791184372,174.89886716258536,174.89886716258536,178.78733932939465,-57.7408859571704,199
175.82903505468204,175.82903505468204,-173.5171830338192,-62.29923738334517,175.7030382563271,175.7030382563271,179.10673181103937,-57.906946243072206,200
176.13121294881273,176.13121294881273,176.960204024997,-62.62941276090598,175.28163570730803,175.28163570730803,173.3419037449748,-57.918247601881795,201
175.88936774687167,175.88936774687167,179.70789636844395,-62.636335364016375,175.2862851147612,175.2862851147612,177.19507220667364,-57.89660555843529,202
175.66070087052267,175.66070087052267,178.72842639239855,-62.95678315951617,175.27966287240497,175.27966287240497,176.002906493558,-58.04873697951064,203
175.5922910348568,175.5922910348568,-176.98741051882422,-63.29279895402607,175.20637130858265,175.20637130858265,-178.08833603604526,-58.369727131827766,204
175.7776046779641,175.7776046779641,-175.63310832160963,-63.76549229499553,174.61966150242355,174.61966150242355,-173.71909381319998,-58.60671446550853,205
175.87804102907089,175.87804102907089,-162.4995961422575,-63.101044062366505,174.53725185928306,174.53725185928306,-171.4236914978096,-59.01154322353398,206
175.82506382506114,175.82506382506114,-161.30792446287077,-63.777761416576105,175.1921323238157,175.1921323238157,-172.84821097682098,-60.17625386012174,207
175.62187787493033,175.62187787493033,-145.68990008273406,-61.1051260928192,174.50656586392793,174.50656586392793,-173.65136084839796,-60.72518280458684,208
176.42896274920562,176.42896274920562,-168.02652400144157,-65.34953301368942,174.45665985272552,174.45665985272552,179.9292174911332,-61.12679564335889,209
175.02573818341975,175.02573818341975,-147.60072184358046,-62.63258439971911,174.92003962703149,174.92003962703149,-175.15843158803688,-61.50896855580172,210
175.143830025298,175.143830025298,-123.28075056323087,-52.409637876399245,174.24483041500454,174.24483041500454,-178.74146481895684,-63.163839885465855,211
174.93731148579755,174.93731148579755,-90.76048204433462,-0.0952347803862806,176.25056482763824,176.25056482763824,-173.4584265333917,-67.08103490409684,212
161.38401335529028,161.38401335529028,-31.384336246549204,74.63888417013132,174.5606480893928,174.5606480893928,-22.79784358393635,88.91757422471862,213
149.73132944098668,149.73132944098668,-21.974357729338564,86.02887834087922,169.70239361540396,169.70239361540396,-8.982059440449394,108.93276211641295,214
138.33157052984205,138.33157052984205,-11.47666423777245,98.29547017393709,161.76477549985438,161.76477549985438,5.709897451580638,131.7471589403834,215
139.37627044012362,139.37627044012362,-11.813381139127243,96.52655354308793,163.91435831941325,163.91435831941325,0.9619031680008417,128.30066823299376,216
146.4212091367057,146.4212091367057,-16.290113100812885,87.4407370744992,172.52805617993798,172.52805617993798,-11.160095708282414,111.53333197711726,217
164.18972114918745,164.18972114918745,-21.240193713344063,74.37347685230944,173.07525449702678,173.07525449702678,-51.656672722477516,84.52929978122478,218
173.94306378366542,173.94306378366542,-37.8712528896833,61.27276460546294,174.1931232108253,174.1931232108253,-104.88427456261735,-31.78007406095992,219
177.20045632742213,177.20045632742213,-64.7121021638929,32.877286867245864,174.72877351250384,174.72877351250384,-118.42510095840002,-33.52129689231469,220
176.24668466489456,176.24668466489456,-45.83666405997385,43.62426789488095,176.52645819016112,176.52645819016112,-120.58095069492926,-34.58356543800055,221
176.7419086757075,176.7419086757075,-58.480663109357266,35.105793468318986,175.7933197168569,175.7933197168569,-113.7861599136194,-27.01905967751914,222
176.04968970334687,176.04968970334687,-100.92082844414644,-12.017749523949412,174.54377648258654,174.54377648258654,-121.25911891613825,-30.223579971106943,223
176.66923169462748,176.66923169462748,-107.32705978343104,-20.28825194428282,174.26544490375858,174.26544490375858,-115.47364451296679,-26.262539548512056,224
176.1583344054638,176.1583344054638,-118.24396841676314,-31.014492174661004,174.29322613091958,174.29322613091958,-110.88928317532779,-21.652515204834828,225
176.41812818857522,176.41812818857522,-114.63754025374546,-27.724301963021432,174.62821868774768,174.62821868774768,-110.95972777772145,-21.960024877305454,226
175.87238895467192,175.87238895467192,-112.56639268732917,-25.60646485118724,174.69750765725934,174.69750765725934,-108.67868130225516,-19.69593717945844,227
176.62318650493003,176.62318650493003,-109.74611747171126,-23.254495944428875,174.61005894400722,174.61005894400722,-117.61844938499101,-28.61647933806175,228
176.75266803201896,176.75266803201896,-116.64001023017177,-29.818872716951578,174.33709542987265,174.33709542987265,-119.89563881534957,-29.910180199599186,229
176.901997945697,176.901997945697,-118.12178586207918,-32.02802555977435,174.16866224938738,174.16866224938738,-119.83197052628618,-30.624165960507472,230
177.07718263018754,177.07718263018754,-120.12764549923776,-33.84523315646744,174.38274575108272,174.38274575108272,-123.17618108534468,-33.3363491493055,231
176.86950633997964,176.86950633997964,-100.84782194078903,-13.482665213986687,174.8538623604865,174.8538623604865,-109.2927992872099,-21.923120429635038,232
176.92754843686063,176.92754843686063,-103.63410863978406,-17.13024256078559,174.59128752052217,174.59128752052217,-114.06690096462737,-26.719338465241638,233
177.18625527359538,177.18625527359538,-103.45046787970459,-17.16696624225055,174.56034783590178,174.56034783590178,-116.70394736348557,-29.42569504872706,234
177.18666792428027,177.18666792428027,-103.65525739733634,-17.585851206734016,174.63766295271017,174.63766295271017,-113.33752270776277,-26.538045669671323,235
177.23842828293888,177.23842828293888,-107.79587399117617,-22.23282744233755,174.85270371569032,174.85270371569032,-117.8291315514901,-30.213553296299388,236
177.05204538722205,177.05204538722205,-116.80696875869081,-31.614569034853186,175.03235857888626,175.03235857888626,-118.00014238714998,-30.305126828658878,237
176.90930060506352,176.90930060506352,-111.33413969392619,-26.074071833524872,174.84434784982244,174.84434784982244,-116.31685568291863,-28.766717751291765,238
177.97536005923448,177.97536005923448,-98.50880687615903,-11.264677436197944,175.07499033271054,175.07499033271054,-115.63556593840302,-29.43274783553039,239
175.9764123973844,175.9764123973844,-38.557116315940334,51.113287446827435,175.98823073638485,175.98823073638485,-72.68653432265076,28.654413986109326,240
158.4379544345915,158.4379544345915,-15.835127111030726,66.21973328395686,167.19244638620057,167.19244638620057,-22.269693636586076,85.17134201890765,241
136.21756613883014,136.21756613883014,-11.266344747723453,75.94657232376393,163.93455941034753,163.93455941034753,-13.425680207648156,111.60453247538231,242
117.36311441521073,117.36311441521073,-13.947025663883224,77.0719670252812,148.06788003023888,148.06788003023888,-3.3011640700839884,131.64383911192917,243
111.17720160096754,111.17720160096754,-15.1203649514315,75.15824875880728,145.48630119293597,145.48630119293597,-7.901726117609419,135.8126013611754,244
110.57929187502808,110.57929187502808,-13.743502373297883,71.6867381568354,145.08492109078824,145.08492109078824,-7.371277984086341,133.4754069322901,245
112.947697361507,112.947697361507,-3.3836262142630056,72.44537174096283,147.45299676248922,147.45299676248922,-3.011578549663735,131.35067401895083,246
112.48097780537671,112.48097780537671,1.0946763875430963,74.17704579548604,150.44862149305837,150.44862149305837,1.811653705744121,131.52836614849483,247
111.40650706984408,111.40650706984408,5.099994833489102,74.35700136487424,150.81546427080752,150.81546427080752,7.806224274187617,133.1361386003974,248
112.11316904489398,112.11316904489398,6.718796403915584,76.074636151776,152.5473255405387,152.5473255405387,9.626652332305396,133.24619963228045,249
113.70094744769742,113.70094744769742,7.195736530393766,76.49081584828335,152.19645394172045,152.19645394172045,10.596863481777033,132.17851729355064,250
114.26939125076781,114.26939125076781,6.961033341606531,77.59049006089379,152.76355172039902,152.76355172039902,10.575797473430459,132.74591952857114,251
113.74517369563733,113.74517369563733,4.596589837446027,80.57640725332081,152.37751502697836,152.37751502697836,12.190946731230214,135.53909332889637,252
112.2585154622121,112.2585154622121,0.11928106972474076,81.42732843063683,150.54331519722197,150.54331519722197,8.80819822162987,137.93945442247096,253
112.03344850936143,112.03344850936143,-1.1447691772365336,81.3859148239765,150.99418896201377,150.99418896201377,7.678911462914757,137.38503585905727,254
111.83960438774152,111.83960438774152,0.008460099897217034,80.40714974448835,149.51611840827547,149.51611840827547,8.049735773737313,137.4468277557631,255
112.41965586468363,112.41965586468363,-0.030803735177479932,80.91956120484896,151.32615505312899,151.32615505312899,7.108046260764093,136.51820764228938,256
111.61778014620586,111.61778014620586,0.24230704875150935,80.99352957363186,149.3767650698737,149.3767650698737,8.994298397886306,138.46182836076795,257
110.94471155640267,110.94471155640267,0.20011471316534346,81.14676240475713,148.8218799067482,148.8218799067482,9.032938147790214,139.0522912769588,258
110.37142212605832,110.37142212605832,1.1318410344745278,81.1538040237971,149.2032597106513,149.2032597106513,9.356958210247216,139.86943595411714,259
109.65148208903699,109.65148208903699,1.296961601692557,81.11643525368913,148.85256754426277,148.85256754426277,9.419763627584162,140.32144619620152,260
110.14124843140974,110.14124843140974,0.23957045371980454,80.81779782658447,149.8024179490265,149.8024179490265,7.984692137634666,139.13173060517477,261
109.56216615403704,109.56216615403704,-0.291203616845066,80.82339996210271,149.39939795962192,149.39939795962192,7.811723031440032,139.53168447786788,262
109.71223006892954,109.71223006892954,-1.1443911590106473,81.358886340947,149.20744710145084,149.20744710145084,6.529926365585304,139.74460476153064,263
110.928020581444,110.928020581444,-0.47568136539472705,81.24598174642065,150.4438148052373,150.4438148052373,5.385883079656068,138.46728575317064,264
110.77096602116048,110.77096602116048,0.6050010612693337,79.64782843120899,150.4116039437258,150.4116039437258,8.926209751471047,137.64953336319084,265
111.35017333497032,111.35017333497032,0.6178159189188788,80.8566953890902,151.40449788009988,151.40449788009988,6.435520026542017,137.67281795368223,266
111.12295165825883,111.12295165825883,1.6192543769980787,80.81199851301027,150.653067604387,150.653067604387,7.549051313808838,138.2800337415088,267
110.25758137093378,110.25758137093378,0.21356060368442628,80.88533047427921,150.90915301351563,150.90915301351563,5.574604259204748,138.51949637707656,268
110.93401746546685,110.93401746546685,0.7006114665500361,81.15966831533945,151.85721490013364,151.85721490013364,6.551607267469833,137.83712802114493,269
110.686444806915,110.686444806915,1.4499332538514582,80.31568894399443,151.33264010475864,151.33264010475864,7.569883825324445,137.9609402281389,270
111.40700924235777,111.40700924235777,1.5910222831903558,80.04324081122465,152.87442589030823,152.87442589030823,5.603120026006176,136.0051710382081,271
111.73300553665936,111.73300553665936,2.319848279390738,80.65439975161677,154.99317911516755,154.99317911516755,7.8370155487030555,135.26600215294283,272
111.2942975330507,111.2942975330507,3.6655619659587413,81.09812229889084,154.99993572211895,154.99993572211895,9.62685556693087,135.96301913779294,273
111.7217902010141,111.7217902010141,3.6541912846596154,81.27820982422622,154.80658655840878,154.80658655840878,12.169885936341474,136.33608787392865,274
111.86189155567556,111.86189155567556,3.398085884273253,81.56087493850156,155.70960735624914,155.70960735624914,10.345884473615788,135.80772711389884,275
112.72609921117107,112.72609921117107,3.3756110470565477,81.37852107130931,153.7472082250816,153.7472082250816,9.408713325710012,136.10838613125335,276
113.3245728685136,113.3245728685136,2.5722328400862073,80.68033227286438,154.60956616363742,154.60956616363742,7.530235861892616,134.4948061710713,277
111.8791308088936,111.8791308088936,4.7846993414487065,80.96460721216752,153.35358981447038,153.35358981447038,11.018307690525765,136.76750573805333,278
111.33910636366504,111.33910636366504,2.803151866303112,80.92376891069974,153.61399089941855,153.61399089941855,8.769697412748418,136.44677345181393,279
111.59991389859302,111.59991389859302,3.9268879441260975,81.65020054300756,152.87493861147365,152.87493861147365,10.529929599543454,137.50106073902484,280
110.99506145299681,110.99506145299681,4.113840437331656,81.22112624145309,152.70304371230296,152.70304371230296,10.40992516509755,137.8033933222556,281
110.42738791800639,110.42738791800639,3.7011417734698604,80.52998326554946,153.1427976303298,153.1427976303298,7.284395597517898,136.985749105686,282
110.95140077389651,110.95140077389651,3.3305178995437656,80.47716365045147,152.21281970721205,152.21281970721205,7.78477022413929,136.9965132610326,283
111.30336028976868,111.30336028976868,3.436102813469402,79.61079740030428,153.0790622739023,153.0790622739023,5.649120473302691,135.68496952493453,284
112.16104301234375,112.16104301234375,3.606360646670268,80.32946802628447,152.6953889534199,152.6953889534199,7.6589189964485,136.02568408650166,285
112.11098894491711,112.11098894491711,3.4175909280853096,79.27563502765304,152.61060559936402,152.61060559936402,8.531342624608891,135.39524214230295,286
111.05055111121861,111.05055111121861,3.5050363596781646,79.58078490564843,151.79642690351892,151.79642690351892,7.736420301321926,136.9129315613483,287
111.24601671199038,111.24601671199038,3.742845753468886,78.89672474890779,152.7292065425762,152.7292065425762,7.99810593277318,135.86430247282294,288
111.5820444342673,111.5820444342673,3.953817116051995,79.12668496737483,152.18478978000635,152.18478978000635,7.9424456267551005,136.23282013420345,289
110.79936687716746,110.79936687716746,5.801792564502191,78.99995632837134,152.54523456061116,152.54523456061116,9.592269952339304,136.33444580021592,290
112.27110207366044,112.27110207366044,4.235376041007431,80.21136299317158,151.0380003936761,151.0380003936761,8.654368494823494,137.2387328282671,291
111.28048082592548,111.28048082592548,5.296802952458666,80.59526398420573,151.6993719322219,151.6993719322219,9.072293243986273,137.84353032473706,292
110.57494594487558,110.57494594487558,4.127106153876747,80.99026432067103,152.9873368048563,152.9873368048563,6.1088812390257825,137.86171416985965,293
112.42289567366244,112.42289567366244,3.348026392730318,80.63740692862798,151.83406518349068,151.83406518349068,7.19868370094487,136.77619066599541,294
116.71844228048245,116.71844228048245,2.3016329680520395,79.38327622325151,155.90056112101715,155.90056112101715,2.4990508991695983,130.90826008922764,295
132.82045125325715,132.82045125325715,-4.077879110039339,77.38542878344481,162.77317664675596,162.77317664675596,-15.266726208831535,115.40813795475422,296
161.23615066611882,161.23615066611882,-12.20352744389305,76.5729093980183,170.61446820420682,170.61446820420682,-28.13702822482721,92.39454815394461,297
164.68374091859982,164.68374091859982,-20.034493665785362,74.99702894956506,172.39865077233733,172.39865077233733,-38.27139147796351,86.92935683474823,298
168.88494880930696,168.88494880930696,-27.344079125152238,70.37572695317515,174.12055549532684,174.12055549532684,-38.623146747476774,78.07407533589661,299
164.53747508126625,164.53747508126625,-28.801245774354378,62.41800456716839,171.0838422471327,171.0838422471327,-47.110577082152695,70.90647543073383,300
172.2260005932962,172.2260005932962,-28.622454984937594,60.74263049014693,172.99386505546218,172.99386505546218,-52.21685254291557,59.72530156137077,301
176.38254831351253,176.38254831351253,-28.472901939438145,60.73871365335894,175.00678572565798,175.00678572565798,-95.62411730878966,-9.934366168744564,302
177.52446341582305,177.52446341582305,-51.80691922630411,52.05729017853544,176.82590976226558,176.82590976226558,-104.83142022738785,-27.367730961810572,303
177.5810991232918,177.5810991232918,-48.322144587291696,55.081061454577366,176.5254178885587,176.5254178885587,-123.98504773346698,-49.847218938957965,304
177.6366184009082,177.6366184009082,-40.90959124503492,59.24391455310002,177.3650255361049,177.3650255361049,-113.24381898752827,-41.47787219766261,305
177.07508317437237,177.07508317437237,-33.27377880437226,63.20838368000813,176.97447151348476,176.97447151348476,-119.38059769658035,-49.98790212446143,306
177.5580837985377,177.5580837985377,-15.404273737741182,66.79265241998985,177.97063031054537,177.97063031054537,-113.04602201772995,-44.65802433443025,307
177.2693252963881,177.2693252963881,-31.476686547030088,63.47894771499648,178.05255930913646,178.05255930913646,-109.30023448543974,-38.91266131357301,308
178.55593301996157,178.55593301996157,-36.8582723167016,61.51509023616886,178.08535095971308,178.08535095971308,-116.10092785814872,-45.45081703313263,309
177.31560052376008,177.31560052376008,-33.086277779798735,63.195740733094766,177.8735957203717,177.8735957203717,-120.31643918312547,-50.94016538094788,310
177.1671585948116,177.1671585948116,-47.65879183798485,58.5073276904127,177.42018986251017,177.42018986251017,-109.94899540448255,-39.95339606885583,311
176.82888323552692,176.82888323552692,-65.76439219974489,45.58362205439369,176.6867040410311,176.6867040410311,-73.36696630410647,37.66114190242653,312
176.35100785684756,176.35100785684756,-53.137036172300355,56.12746013680127,177.40521191957592,177.40521191957592,-72.21725457872374,40.07788834543225,313
177.3918257240645,177.3918257240645,-41.00609784686605,61.35220772128703,177.79043838050674,177.79043838050674,-64.75856935830129,48.656704156153964,314
176.66705773443283,176.66705773443283,-34.24867385979772,63.8454295515041,177.79561277559495,177.79561277559495,-61.98246665900359,52.6065169803084,315
176.40855561447685,176.40855561447685,-39.369429562788866,62.246588548777794,176.89980532985268,176.89980532985268,-48.36778863274804,62.07660900954806,316
175.97841356907549,175.97841356907549,-42.77583637801578,61.539626518293225,178.0327139737244,178.0327139737244,-60.655722000757734,54.36454692086589,317
174.39675728786037,174.39675728786037,-30.83492739554761,65.31245720751015,175.6893566485393,175.6893566485393,-38.84043502819825,68.62864449251188,318
174.50441710523842,174.50441710523842,-25.313776184269845,66.58270125772923,176.2957434523308,176.2957434523308,-33.06011958443605,70.17033717236544,319
173.1203549787788,173.1203549787788,-25.319703569948103,67.24767915715553,176.3356948935933,176.3356948935933,-33.95802142352786,71.570297764227,320
171.1434852345824,171.1434852345824,-26.40959054470165,67.50990131065552,173.5473026954106,173.5473026954106,-28.730114368116045,75.46996696372894,321
167.20238433840444,167.20238433840444,-26.971552658668166,66.02293720496661,170.02871769489724,170.02871769489724,-29.788749820231867,77.8673695004501,322
167.43116209106537,167.43116209106537,-38.275886851409595,59.97292181631511,171.17086495317366,171.17086495317366,-50.04965035532084,66.58276663544062,323
166.11341556828054,166.11341556828054,-51.09629489557467,53.046791421536874,172.40254940916785,172.40254940916785,-64.73456788070585,52.354240802537944,324
171.50683339508603,171.50683339508603,-22.3923230910029,52.365691552392924,174.47148886939786,174.47148886939786,-52.12156056363628,48.50138761417521,325
174.53159683234367,174.53159683234367,-63.81177739623239,35.64256548113689,176.43018809899283,176.43018809899283,-52.815421864062564,46.691606378401374,326
175.0257531227422,175.0257531227422,-94.40966694791578,-3.9862384355934997,176.32787475095608,176.32787475095608,-83.30929631082628,10.604176221177553,327
174.08692434715815,174.08692434715815,-99.42685078899184,-11.022834258008027,176.48068282160264,176.48068282160264,-82.63829744037632,11.787835889250253,328
175.23860612328394,175.23860612328394,-95.5398813153817,-6.112565297564932,178.54931693374212,178.54931693374212,-50.325071741328436,43.298000528870624,329
174.99053458762106,174.99053458762106,-95.19275070007379,-4.992769000864237,177.71488301176726,177.71488301176726,-69.89121138566276,25.61553957470512,330
173.92230826115446,173.92230826115446,-86.5667189645554,6.862261548603087,175.87313502492626,175.87313502492626,-92.09209736504636,-0.9104086143911951,331
175.68614391765755,175.68614391765755,-78.8928943602928,15.953565215730453,175.2043556357508,175.2043556357508,-97.83259532517182,-8.388710937388469,332
174.49550798983344,174.49550798983344,-84.83725036320266,9.021585785803534,175.89823493465857,175.89823493465857,-93.75205679325245,-3.2365442491553837,333
173.45032072006393,173.45032072006393,-102.40625277811132,-12.932343323063044,175.41937210892212,175.41937210892212,-112.4067947465762,-23.119038584217794,334
173.23278494941752,173.23278494941752,-98.79997724000222,-9.200728597965783,176.30381422036618,176.30381422036618,-109.3448184612327,-22.19199346762181,335
171.7430535008084,171.7430535008084,-102.66874070336165,-12.150995320802712,174.84938751954806,174.84938751954806,-111.1547022003251,-20.837218381944894,336
171.88699429149338,171.88699429149338,-85.93360029532857,8.30841229208025,176.2769804678212,176.2769804678212,-97.01537932441182,-7.370650781021945,337
171.15516253142476,171.15516253142476,-88.65450843095874,4.986553707370957,174.33165604684652,174.33165604684652,-102.07150220567212,-11.728882396533534,338
174.76180251913343,174.76180251913343,-71.97884092629964,24.778749819822842,175.28729816419343,175.28729816419343,-101.60309064215527,-14.178225724077324,339
169.64352213422134,169.64352213422134,-91.9512887525977,1.6320038987401428,174.83990034432668,174.83990034432668,-91.3422610889135,0.6270580193697062,340
168.27980666440095,168.27980666440095,-96.50494106327253,-3.1574995906477166,172.68573164735895,172.68573164735895,-93.52597669990472,-0.8499071318360015,341
169.34945063222634,169.34945063222634,-92.39219814013941,1.1909034624085455,171.37597025976052,171.37597025976052,-98.65993654261698,-6.774141635255724,342
171.20725516543283,171.20725516543283,-86.12497898960382,7.991581482875988,171.91573545398987,171.91573545398987,-89.13769327868962,4.731354451557889,343
169.65263045604476,169.65263045604476,-91.13411500120019,2.5919852617353234,169.93787859060922,169.93787859060922,-92.32959806276142,1.6903677357868487,344
166.24449035030787,166.24449035030787,-84.36868001652164,12.265627037161087,169.43987576525998,169.43987576525998,-82.23645420439628,14.952164281010507,345
139.18893797739273,139.18893797739273,-83.31081722771513,23.53051210313901,158.30307291440235,158.30307291440235,-48.31016802079184,65.0625258678625,346
106.83132994688032,106.83132994688032,-65.57795103938932,49.61130022803339,139.7649540497622,139.7649540497622,-50.077688254822576,117.8084928157985,347
95.14837537448275,95.14837537448275,-80.56268363499626,42.87421238810589,132.93446902548345,132.93446902548345,-86.1196777351552,170.87591148908325,348
103.69220630931562,103.69220630931562,-80.33360054864815,47.27194937827021,125.70513230457078,125.70513230457078,-79.50474436860588,137.53225893635636,349
107.39275730848357,107.39275730848357,-75.53483148797339,56.925332080376826,122.41567938691718,122.41567938691718,-82.1327946501508,157.157585626381,350
103.07837837546367,103.07837837546367,-78.84653013951916,46.4408832307675,123.13393683947837,123.13393683947837,-78.96095489404007,138.95010529892795,351
96.55665081689791,96.55665081689791,-81.11324509139502,40.89186765201361,122.61108161403388,122.61108161403388,-78.3270213194223,141.13229909492335,352
95.84752895782086,95.84752895782086,-79.64252045804012,43.00128337626463,127.50044017684782,127.50044017684782,-74.44186157464861,138.18374027038425,353
90.91010141917728,90.91010141917728,-81.44773583504715,39.256560403196985,133.141894581187,133.141894581187,-73.3569026738358,135.758486043739,354
90.4345840514098,90.4345840514098,-85.18977360979815,32.50977481049007,138.33087084602641,138.33087084602641,-72.61541081930707,122.420145219422,355
90.85193670654212,90.85193670654212,-80.70040857863778,43.19856039850361,139.8036875115425,139.8036875115425,-76.98448824761792,140.35416932902362,356
96.41882360936296,96.41882360936296,-88.01987415434995,29.267588379546,135.4642012778689,135.4642012778689,-78.82684021432623,106.87862463228335,357
89.06283048182658,89.06283048182658,-93.11075232816619,19.36603577995355,137.98297421989858,137.98297421989858,-77.59591318383646,95.1217377681614,358
86.25889269023874,86.25889269023874,-96.22727731224595,19.913610333041934,137.1193959146019,137.1193959146019,-54.82514281577834,101.03907229134387,359
94.15417084818492,94.15417084818492,-103.0064055902158,15.53667716568662,129.62912188801437,129.62912188801437,-50.50135279818863,88.39145550259877,360
98.33390546934532,98.33390546934532,-80.20357893625149,30.808258851677426,121.03192046028963,121.03192046028963,-36.96885075837071,108.36152623797338,361
97.83325892172645,97.83325892172645,-68.65048237979201,37.22059677493267,117.13618644126011,117.13618644126011,-28.69615611998124,116.21354419844533,362
97.40932217626013,97.40932217626013,-64.79283157227857,36.49351670416961,121.1421656819606,121.1421656819606,-24.221312077406676,116.34782915017206,363
95.78910243040286,95.78910243040286,-63.76542539871124,35.78252625961533,122.13796930282476,122.13796930282476,-21.998000575288707,117.82994594522873,364
97.16690816761428,97.16690816761428,-62.98581101952205,36.71828352221984,119.35963733813723,119.35963733813723,-21.53593579731999,115.8088461318265,365
97.41771373605941,97.41771373605941,-65.06113350108285,36.62366164753274,118.87632918496226,118.87632918496226,-22.143663125749303,113.62091450190506,366
95.79159921930012,95.79159921930012,-72.32769799695897,33.700990495342836,119.98220907419353,119.98220907419353,-19.975824900003083,110.8830730358579,367
95.38468905934845,95.38468905934845,-79.96144122082056,31.266516780042153,120.58729372959223,120.58729372959223,-18.474034735343356,108.1806442381196,368
96.35332642136092,96.35332642136092,-80.81191677025276,30.4703872948973,117.80839391680279,117.80839391680279,-18.27524069313825,107.18570296365485,369
87.3438432778373,87.3438432778373,-110.84649586482315,23.61520901998449,128.70371749923007,128.70371749923007,-16.792392850635945,104.71600471514387,370
77.62476423395668,77.62476423395668,-131.29035459082257,7.654413589558835,138.63268396333015,138.63268396333015,-16.64484241449805,97.39967266568628,371
138.81391860906223,138.81391860906223,-149.4103424159994,-23.596465509374113,141.89123267477694,141.89123267477694,-80.19251164593398,20.229196229547384,372
163.06897700259958,163.06897700259958,-153.19754411050764,-34.4095694224638,172.21048970728577,172.21048970728577,-116.06909097650018,-10.711912518065025,373
169.018657699505,169.018657699505,-167.74521162831894,-41.521494949786856,178.967937056579,178.967937056579,-82.00913100089075,6.170927437272829,374
173.6318442599515,173.6318442599515,-176.45236386419637,-42.23356384609381,178.39160390225828,178.39160390225828,12.894771203202492,38.36085093989091,375
174.61292412081158,174.61292412081158,178.47393822755816,-41.61472866812758,177.89976096843895,177.89976096843895,10.37740465165054,38.73718314682132,376
175.6351311238193,175.6351311238193,161.35920123900362,-38.72772735882747,178.32676519935822,178.32676519935822,31.232654581611147,34.28448491038289,377
175.3063407257084,175.3063407257084,175.3523915850011,-39.62832429779968,178.60051428667583,178.60051428667583,21.307536681750452,35.50970398985074,378
175.52602823429834,175.52602823429834,173.3221087721342,-39.35381561937421,178.35546278170457,178.35546278170457,44.75971578083277,28.711063039978008,379
175.62979217735477,175.62979217735477,171.43236272954317,-38.83714553656613,178.2159636534775,178.2159636534775,27.261769638299608,34.124199282739596,380
176.26266934185398,176.26266934185398,172.84925614386637,-39.371476588541626,179.1323248917106,179.1323248917106,27.07317425043327,34.525645818041035,381
175.9293591631609,175.9293591631609,168.8383459904754,-39.22941224425361,178.78777263339012,178.78777263339012,23.425716134989173,35.50888909366811,382
175.6616010567224,175.6616010567224,174.4994115591647,-40.20020178597177,178.76394792702195,178.76394792702195,19.367444070915514,36.594168922174326,383
175.78923536976362,175.78923536976362,-179.35978141386522,-41.12335998327458,178.39150440650832,178.39150440650832,26.836444798510957,36.0787744011289,384
175.52800410422222,175.52800410422222,-177.37916148331965,-41.47177153417481,178.85782860957485,178.85782860957485,28.62129821675022,35.65331364520814,385
174.273957435615,174.273957435615,-169.57039391917397,-41.871176780341735,178.85640681127487,178.85640681127487,105.24415971431661,-11.459660455477824,386
173.7254089198841,173.7254089198841,-168.42834845742465,-42.49936420995481,178.98016591006575,178.98016591006575,5.4304210803347175,39.67135006925465,387
174.07094390062394,174.07094390062394,-172.46105739908037,-43.66881374343215,178.95125651210873,178.95125651210873,22.267080772921815,38.5922935311477,388
173.54285608329135,173.54285608329135,-169.38739750745987,-43.0533930010697,179.10572429313063,179.10572429313063,62.12409705376684,21.58708123564144,389
172.80340432388007,172.80340432388007,-165.95988099473715,-43.60491326729987,178.84074575433556,178.84074575433556,152.8248143135286,-36.46660136131543,390
171.82304560085166,171.82304560085166,-150.29371443463563,-41.144166944365786,178.6285790288238,178.6285790288238,-174.4645587222337,-40.57762524841879,391
168.76897023888355,168.76897023888355,-133.36069139247795,-30.306141518437258,177.24712928666818,177.24712928666818,-150.61252091421008,-33.09497036756334,392
167.82228578885886,167.82228578885886,-120.97470819937665,-25.248555897901444,174.46058431007543,174.46058431007543,-133.1079533192627,-29.75618297147972,393
166.6582872538738,166.6582872538738,-138.3468657615642,-42.73727870871665,169.85141119297217,169.85141119297217,-127.7566593606045,-28.07097699258496,394
169.7516230109154,169.7516230109154,-154.95458149782422,-52.92501137096168,172.07488194452728,172.07488194452728,-130.6640471966408,-34.465172172575386,395
174.51043612084243,174.51043612084243,-157.85042596142878,-61.58092149548994,176.21624155892283,176.21624155892283,-135.2953906669468,-49.53344053991159,396
175.32636024643003,175.32636024643003,-168.68512893639718,-64.66844479973028,176.526410100716,176.526410100716,-118.10641431089904,-40.27880083288213,397
178.6068604926134,178.6068604926134,-172.05046081662314,-61.05798676837824,177.85750358027437,177.85750358027437,158.57919129296326,-57.68495356846883,398
178.6466020260443,178.6466020260443,-61.88701089456336,30.57153231585561,177.6378706243599,177.6378706243599,163.13477122151664,-49.193776130958724,399
174.28034866876257,174.28034866876257,6.736178320394454,54.98412969726726,175.35020835533888,175.35020835533888,158.7783767494339,-54.796764311435645,400
174.77371034420466,174.77371034420466,8.958212301371319,55.275383943255434,176.60786724735536,176.60786724735536,140.7700358035778,-50.44928286807383,401
173.45183086780574,173.45183086780574,4.478508214067095,54.926319291917856,175.8711402160865,175.8711402160865,172.89862373985582,-57.02278511664442,402
175.24186317646246,175.24186317646246,-12.450973232409515,54.06637355034137,176.55661184647715,176.55661184647715,152.27494748782877,-52.805865149521594,403
177.12394475399543,177.12394475399543,-9.01988679708549,54.74097039314306,176.81219148501944,176.81219148501944,151.03518574742975,-51.81663010789582,404
176.49247244307145,176.49247244307145,-11.144297698200615,54.710199534825314,177.01139597369115,177.01139597369115,173.41341979164793,-55.83112968164121,405
176.31832027183674,176.31832027183674,-24.579822355394942,52.53032507958518,175.30829232877716,175.30829232877716,-165.08677999193898,-54.11920893479669,406
176.09855339961226,176.09855339961226,-30.92265895868535,51.63516453879828,174.67683163524956,174.67683163524956,-165.84147266201097,-54.6045461588487,407
175.5446390674265,175.5446390674265,-36.31967142397236,49.943352807997655,174.43260344307657,174.43260344307657,-157.4349825595663,-53.330960205834224,408
175.99595431208783,175.99595431208783,-48.06488894578865,45.03214170099259,172.1083771598486,172.1083771598486,-135.91342498883483,-44.997545670945705,409
173.49288951035592,173.49288951035592,-123.52439640996617,-38.689503411194934,170.5140992701382,170.5140992701382,-123.08634914526567,-32.85911240865324,410
165.3114770812097,165.3114770812097,-116.73255527347703,-27.441317231295294,171.82769782425225,171.82769782425225,-80.98991590627492,13.882706687878526,411
158.30597340967194,158.30597340967194,-106.65078827650181,-12.65040236773561,169.22479534244462,169.22479534244462,-78.33082613613449,18.00282465572677,412
149.18508022830548,149.18508022830548,-102.43864870590767,-3.3606196451165116,164.18174529414216,164.18174529414216,-61.96597154375975,36.67027964599076,413
152.2749866939573,152.2749866939573,-104.85645032026123,-8.212461547292984,162.8131312931653,162.8131312931653,-74.68124161981764,25.243919385662338,414
157.23106946316412,157.23106946316412,-106.61407655341777,-13.55357387738139,167.031894659532,167.031894659532,-85.20748690048865,11.642972799304845,415
164.6644402974896,164.6644402974896,-103.48447372695361,-15.086961098836698,172.8579665421516,172.8579665421516,-90.76937885734588,1.9517494009635896,416
168.9838214307767,168.9838214307767,-111.1363998632031,-27.57798707737103,176.33118759310176,176.33118759310176,-104.32922450713613,-18.837433629903543,417
173.90964123481407,173.90964123481407,-99.49285688418456,-11.93405591445386,178.82535858109702,178.82535858109702,42.367814873742894,48.36565880796545,418
176.84778979220258,176.84778979220258,-60.468823687761585,37.938015025109856,176.23935704717277,176.23935704717277,58.80660055886619,41.45874835329215,419
179.1909157997229,179.1909157997229,43.54120592593294,47.32828232148753,173.84193805818705,173.84193805818705,78.14916597451037,19.955805396827763,420
174.9876245345284,174.9876245345284,52.402245574259965,43.09865485305197,175.23408065468143,175.23408065468143,92.77779612877707,-2.348194683437328,421
173.93260370895007,173.93260370895007,66.95987009651144,31.15664013603484,173.9791175363936,173.9791175363936,84.17713395180375,11.633375218257324,422
171.96334777233906,171.96334777233906,72.71341907301485,26.690144961115855,174.57181069095606,174.57181069095606,81.39308577211355,16.182928446399927,423
172.37854264038123,172.37854264038123,70.70412467147642,29.316135749890044,174.99705684268787,174.99705684268787,83.60589234074925,12.806884484943147,424
172.70887941574298,172.70887941574298,73.07389708818793,26.50091409263002,175.68302738284672,175.68302738284672,84.04943240086428,11.645420939124609,425
172.34680845501947,172.34680845501947,68.28579241094016,31.93964547171893,175.41989167716207,175.41989167716207,74.27899707162064,26.672453017746815,426
172.40299568685387,172.40299568685387,67.42864608296115,32.357253543347746,175.88719620236157,175.88719620236157,82.13280414930072,14.665220236961087,427
172.55078756480606,172.55078756480606,65.88228941046391,33.05959301758745,175.38616855687465,175.38616855687465,78.6155046600866,19.759866473922603,428
171.80881725467106,171.80881725467106,74.27041780826607,24.35682296585466,175.249380003896,175.249380003896,82.69222097060435,13.508415988486092,429
172.91500490749172,172.91500490749172,73.68040915185077,24.721869993586175,174.8525622824988,174.8525622824988,76.73191724764304,22.11861626590537,430
176.74369309691392,176.74369309691392,44.438156318454,46.65662604585281,174.73400210063474,174.73400210063474,78.60060200145612,19.412854852579017,431
172.94788709145539,172.94788709145539,-90.88557947681866,1.3157530131317976,178.7518032209826,178.7518032209826,-12.916654542589269,56.034326001537345,432
161.67897544115445,161.67897544115445,-98.27008742453056,-4.988847239227979,171.35538120138378,171.35538120138378,-71.37374344083871,27.79881369174939,433
145.9661799850637,145.9661799850637,-101.29348411001904,-2.25091393672756,165.58699329914984,165.58699329914984,-52.33254313743193,46.503443145510246,434
144.73060196610507,144.73060196610507,-106.44877945881117,-8.70024365316092,164.7007592154547,164.7007592154547,-34.01333480826258,54.33156903738734,435
147.00431812233006,147.00431812233006,-103.31324461122362,-6.486650530516611,165.12595582565123,165.12595582565123,-55.45431228112702,45.6660253622542,436
145.94736853929248,145.94736853929248,-108.21028886469556,-12.762129183031051,160.56175323399674,160.56175323399674,-65.38863275145258,37.21323499498352,437
155.88758752296,155.88758752296,-109.7792549391948,-18.543226201850953,161.24434332632464,161.24434332632464,-85.33802332603008,14.120883160314849,438
167.47034461725394,167.47034461725394,-85.04503754774531,11.887653845117343,166.397023751125,166.397023751125,-99.32478648389481,-8.269855998366268,439
169.63175120568067,169.63175120568067,-112.0050220992976,-27.357458981832387,170.1677126963374,170.1677126963374,-130.96075682478883,-38.685693186830484,440
177.10753870489245,177.10753870489245,-140.0121312633281,-41.94679402403066,177.56799476837128,177.56799476837128,-146.61277556887686,-42.18649161874856,441
176.89866247400258,176.89866247400258,82.45093794885598,11.757927684754547,176.11452110986912,176.11452110986912,-162.03171131768022,-52.25165513371462,442
175.18890385967924,175.18890385967924,93.69195247204514,-3.1851686012550147,177.1151877546875,177.1151877546875,-178.56378012378855,-52.42916654105319,443
175.17338766632938,175.17338766632938,70.59743054962028,28.8736024155476,178.42737218511337,178.42737218511337,129.77719199550023,-45.74321540751784,444
175.82317971990364,175.82317971990364,77.26547749694238,22.011385470109218,176.41833409599917,176.41833409599917,-166.72811272409587,-58.120209860944406,445
174.90914516786438,174.90914516786438,44.06976227829375,50.66977469524555,177.33060184139143,177.33060184139143,-105.97315369278706,-25.693844858671216,446
174.00961947689078,174.00961947689078,63.49195307816795,38.04252665396599,177.22988021863262,177.22988021863262,-123.34147838163166,-43.5826711831541,447
175.36480868308422,175.36480868308422,51.521106829427296,46.06070906894938,176.87885075535166,176.87885075535166,-113.78469207281859,-34.04281632346618,448
175.29355555302158,175.29355555302158,62.32867488824188,37.94918797090823,177.27448217414496,177.27448217414496,-109.51586075817683,-28.71283746196551,449
175.2744076991713,175.2744076991713,67.20887238661469,33.42301772815639,178.39112896942015,178.39112896942015,-121.86702282039263,-41.474592596548504,450
175.61375232153915,175.61375232153915,66.19871069247523,34.28675514696897,177.91927183506337,177.91927183506337,-114.54772678673143,-34.425578754412214,451
176.40473108865973,176.40473108865973,65.71665004384775,33.79134071796855,177.13616873970975,177.13616873970975,-127.68639232499578,-43.81591240003464,452
175.74937878165278,175.74937878165278,63.57291867968222,36.010905427978564,176.73919674872454,176.73919674872454,-126.946407836488,-43.52825202969112,453
176.82242559035856,176.82242559035856,85.93076571899128,7.352667263124711,176.7419169644823,176.7419169644823,-117.52775306190239,-33.95120359039355,454
179.15526803750302,179.15526803750302,-156.81426258890838,-53.54184206015809,175.6887908625965,175.6887908625965,-133.974899066796,-43.208850303044045,455
173.627751459997,173.627751459997,-104.90418774966548,-19.382213202594542,174.39254805537917,174.39254805537917,-110.25967927733026,-24.515427531061786,456
167.9715441775215,167.9715441775215,-112.94136372679944,-24.657161350448554,175.14576185571684,175.14576185571684,-95.12598021406261,-4.178857405698275,457
164.4153546520775,164.4153546520775,-115.4188259578556,-25.50333177368193,174.6018661782383,174.6018661782383,-97.79114779542411,-6.673589237055546,458
164.12005382287387,164.12005382287387,-110.07799288629141,-19.375882575465962,176.00624708603894,176.00624708603894,-98.53172927058647,-8.323375168431205,459
166.49976209249505,166.49976209249505,-123.26890482560641,-35.631599026523595,176.5409896948172,176.5409896948172,-103.46014411687781,-14.472100474971045,460
171.14328152735752,171.14328152735752,-97.80843853316568,-8.319575515272554,179.09449660410482,179.09449660410482,-72.53430044541803,24.35697422279717,461
173.6043787214958,173.6043787214958,-84.09278486228867,11.232807947570452,178.95896816569697,178.95896816569697,80.8032644393964,14.43946591702712,462
176.505160534475,176.505160534475,-68.0670356160215,31.4670554365488,178.0461468950194,178.0461468950194,90.32309657272913,0.3589447309889291,463
178.0821569658304,178.0821569658304,-16.586826953794294,55.84348635531679,177.31972999878244,177.31972999878244,72.98500875530145,26.38226238587026,464
177.8368943318472,177.8368943318472,24.401784593807655,54.38196882667092,177.24944129272504,177.24944129272504,90.16407827651999,0.9740030243568226,465
176.8283011438418,176.8283011438418,25.944369027027378,54.13821625567736,176.34788561071585,176.34788561071585,98.7981672486435,-12.46015424778051,466
176.97036956835927,176.97036956835927,56.89993537716777,40.81447260350835,176.71346445358455,176.71346445358455,101.548282515873,-16.482307829626485,467
175.95312570805206,175.95312570805206,59.4117829542576,37.711077641077765,177.74079524315374,177.74079524315374,113.54605035440066,-30.871612562917132,468
176.48411502115573,176.48411502115573,50.36856733600061,43.86108863777947,177.98772829252195,177.98772829252195,110.3242862586126,-27.655059748086504,469
177.55478664867394,177.55478664867394,30.977733432237432,53.17612074126779,177.25116265552452,177.25116265552452,126.41313699134562,-42.88902285082662,470
178.3710694064113,178.3710694064113,0.9687498588369664,57.404698568477784,177.05736256112388,177.05736256112388,111.38779076913507,-29.351073038975574,471
178.52565930174907,178.52565930174907,-81.6670552031927,14.265576000405906,175.7319009292729,175.7319009292729,132.0468947684941,-46.80404411510976,472
178.71670730719967,178.71670730719967,-15.050785985862971,57.77018505477493,175.85924188199425,175.85924188199425,122.41432003654178,-40.33759993603905,473
178.09973299317835,178.09973299317835,70.48940469862706,29.33982781335207,175.90424480856495,175.90424480856495,101.50710815162502,-16.64582094450492,474
176.7375120360785,176.7375120360785,84.3521738929402,10.31294831068189,176.01923632667362,176.01923632667362,107.83213038008823,-24.937824556722557,475
177.70381288768422,177.70381288768422,42.47720098437772,50.36374587891165,175.89906779932994,175.89906779932994,110.37051385709042,-28.72131373886876,476
178.27119819355644,178.27119819355644,-1.900382300013485,58.546226180662586,174.83597596206852,174.83597596206852,112.6397619598622,-30.970319304491493,477
178.28975282794374,178.28975282794374,38.20647195857069,52.43715355040469,175.51873069588382,175.51873069588382,111.36448307415475,-29.837450584490014,478
178.01807613886172,178.01807613886172,12.724406251963451,57.969717347104435,174.54984636832293,174.54984636832293,111.84399063477647,-30.153744602835054,479
178.2367504429612,178.2367504429612,-6.465024287177915,57.92523806913887,174.96852407870594,174.96852407870594,106.18086241361087,-22.767506929409663,480
178.45302799891368,178.45302799891368,13.814482310414327,57.961840389910186,175.02964543127433,175.02964543127433,112.37864418570611,-30.768744437673345,481
178.9539880691141,178.9539880691141,68.2976019369237,31.80217357102716,175.93035055786436,175.93035055786436,111.02138016312495,-29.176090030923504,482
178.8282620812342,178.8282620812342,84.69044590486634,9.02057484875674,175.5472853037779,175.5472853037779,113.25641790616685,-30.85103290536584,483
177.71646594051515,177.71646594051515,116.80042299042971,-35.634120178984936,175.77073587575362,175.77073587575362,86.6840862694497,7.121451451048869,484
175.44930212950212,175.44930212950212,139.29303348723755,-51.42746401164093,179.0246172555665,179.0246172555665,2.899272475510761,57.375391971975425,485
176.58051388282308,176.58051388282308,149.87857980177358,-54.330407425284,178.61974056317803,178.61974056317803,-4.555177199155356,56.9779779242826,486
175.18051826568424,175.18051826568424,-157.93098311048897,-53.698286401428135,177.5495740811336,177.5495740811336,-58.69744309830473,35.75533627422362,487
170.98673080463342,170.98673080463342,-130.7139056245065,-42.72306496847517,174.9256148930668,174.9256148930668,-84.13639478579498,9.772199351846572,488
168.68697501242332,168.68697501242332,-107.93083984129638,-24.613307503217623,175.03752569561004,175.03752569561004,-102.28394485893632,-16.644736558980664,489
169.85817182911364,169.85817182911364,-116.23279060088502,-40.50915451713046,172.78925087346158,172.78925087346158,-110.1464135125804,-29.301664730376423,490
171.35602273138178,171.35602273138178,-112.36709447629632,-45.70882256006477,174.2890569367162,174.2890569367162,-99.11866521176877,-19.42976750848209,491
175.0155550127188,175.0155550127188,-106.45690696958502,-40.85312321026692,175.27255919815897,175.27255919815897,-113.15905484738654,-47.655430241471514,492
178.5841947328964,178.5841947328964,-135.12007610071848,-63.28674641193864,176.41987245924506,176.41987245924506,-125.42894450893779,-55.95446022285868,493
178.72744032644033,178.72744032644033,-64.3404758596502,48.489221074279854,177.71360606036137,177.71360606036137,-115.46889587531213,-47.55957805697866,494
179.54339307849395,179.54339307849395,-2.534441293664746,68.53564542574648,176.68573441178702,176.68573441178702,-105.20828742944104,-32.60885731614103,495
179.50545355984943,179.50545355984943,-128.90886044451668,-57.57046307563902,176.92803718615207,176.92803718615207,-99.13502671018885,-20.11484710593139,496
179.74873711149502,179.74873711149502,-94.20980821653454,-10.03776713223932,176.60389137215085,176.60389137215085,-99.70929243018601,-20.748739616487182,497
179.02784058491446,179.02784058491446,-109.08703931259043,-37.30859102104335,176.55594062246834,176.55594062246834,-104.29023260754968,-28.28064798515901,498
